CREATE TABLE PELANGGAN (  
P_NO            CHAR(5),  
P_NAMA          VARCHAR(60),  
P_JENISKEL      CHAR(1),  
P_TEMPATLAHIR   VARCHAR(30),  
P_TGLLAHIR      DATE,  
P_ALAMAT        VARCHAR(200),  
P_NOTELP        VARCHAR(15),  
P_TGLDAFTAR     DATE,  
PRIMARY KEY (P_NO)  
);

CREATE TABLE NOTA (    
N_NO            INT,    
PRIMARY KEY (N_NO),   
N_TGLMASUK      DATE,    
N_TGLSELESAI    DATE,    
N_TGLJADI       DATE,    
N_TGLAMBIL      TIMESTAMP,    
N_STATUS        VARCHAR(10),    
N_KODERAK       VARCHAR(3),    
PELANGGAN_P_NO  CHAR(5),   
FOREIGN KEY (PELANGGAN_P_NO) REFERENCES PELANGGAN (P_NO)    
);

CREATE TABLE JENIS_LAYANAN (   
JL_ID           VARCHAR(5) NOT NULL,   
PRIMARY KEY (JL_ID),   
JL_NAMA         VARCHAR(100),   
JL_HARGA        DECIMAL(10,2)   
);

CREATE TABLE NOTA_DETAIL (   
ND_NO           INT PRIMARY KEY,   
NOTA_N_NO       INT,   
JENIS_LAYANAN_JL_ID VARCHAR(5),   
ND_BANYAK     INT,  
FOREIGN KEY (NOTA_N_NO) REFERENCES NOTA(N_NO),   
FOREIGN KEY (JENIS_LAYANAN_JL_ID) REFERENCES JENIS_LAYANAN(JL_ID)   
);

CREATE TABLE KARYAWAN (  
K_NO    CHAR(2) PRIMARY KEY,  
K_NAMA  VARCHAR(100),  
K_BAGIAN    VARCHAR(25),  
K_TGLMASUK  DATE,  
K_EMAIL     VARCHAR(100),  
K_PASSWORD  VARCHAR(20),  
SPV_K_NO    CHAR(2)  
);

ALTER TABLE KARYAWAN ADD  
FOREIGN KEY (SPV_K_NO) REFERENCES KARYAWAN(K_NO);

CREATE TABLE KARYAWAN_DETAIL (  
KD_NO       INT PRIMARY KEY,  
KARYAWAN_K_NO CHAR(2),  
NOTA_N_NO   INT,  
FOREIGN KEY (KARYAWAN_K_NO) REFERENCES KARYAWAN(K_NO),  
FOREIGN KEY (NOTA_N_NO) REFERENCES NOTA(N_NO)  
);

INSERT INTO PELANGGAN (P_NO, P_NAMA, P_JENISKEL, P_TEMPATLAHIR, P_TGLLAHIR, P_ALAMAT, P_NOTELP, P_TGLDAFTAR) VALUES ('A2001','ANISA','P','LAMONGAN', TO_DATE ('1975-09-10', 'yyyy-mm-dd'), 'MULYOREJO UTARA GG3 NO 12C','081357627439', TO_DATE ('2009-11-17','yyyy-mm-dd'));

INSERT INTO PELANGGAN (P_NO, P_NAMA, P_JENISKEL, P_TEMPATLAHIR, P_TGLLAHIR, P_ALAMAT, P_NOTELP, P_TGLDAFTAR) VALUES ('A2002','AMIN BASUKI','L','LAMONGAN', TO_DATE ('1987-10-31', 'yyyy-mm-dd'), 'JL.MULYOREJO TENGAH NO 79','085736617744', TO_DATE ('2010-05-17','yyyy-mm-dd'));

INSERT INTO PELANGGAN (P_NO, P_NAMA, P_JENISKEL, P_TEMPATLAHIR, P_TGLLAHIR, P_ALAMAT, P_NOTELP, P_TGLDAFTAR) VALUES ('A2003','ANDARU AGUS DP','L','SURABAYA', TO_DATE ('1975-03-04', 'yyyy-mm-dd'), 'JL KALIJUDAN BARAT 1A/33','085648122488', TO_DATE ('2010-01-16','yyyy-mm-dd'));

INSERT INTO PELANGGAN (P_NO, P_NAMA, P_JENISKEL, P_TEMPATLAHIR, P_TGLLAHIR, P_ALAMAT, P_NOTELP, P_TGLDAFTAR) VALUES ('A2004','ADISTY DINA N','P','MADIUN', TO_DATE ('1975-01-18', 'yyyy-mm-dd'), 'JL MULYOREJO UTARTA NO 157','0313816162', TO_DATE ('2010-02-11','yyyy-mm-dd'));

INSERT INTO PELANGGAN (P_NO, P_NAMA, P_JENISKEL, P_TEMPATLAHIR, P_TGLLAHIR, P_ALAMAT, P_NOTELP, P_TGLDAFTAR) VALUES ('A2005','AMALIA NUR MASITHA','P','BOJONEGORO', TO_DATE ('1987-06-06', 'yyyy-mm-dd'), 'JL MULYOREJO NO 121','081332409144', TO_DATE ('2010-04-05','yyyy-mm-dd'));

INSERT INTO PELANGGAN (P_NO, P_NAMA, P_JENISKEL, P_TEMPATLAHIR, P_TGLLAHIR, P_ALAMAT, P_NOTELP, P_TGLDAFTAR) VALUES ('A2006','ATI MAULIN','P','SITUBONDO', TO_DATE ('1990-02-27', 'yyyy-mm-dd'), 'MULYOREJO UTARA 155 A','', TO_DATE ('2010-01-11','yyyy-mm-dd'));

INSERT INTO PELANGGAN (P_NO, P_NAMA, P_JENISKEL, P_TEMPATLAHIR, P_TGLLAHIR, P_ALAMAT, P_NOTELP, P_TGLDAFTAR) VALUES ('A2007','ALFI FEBRIANA R','P','LAMONGAN', TO_DATE ('1990-01-01', 'yyyy-mm-dd'), 'SURABAYA','085646516122', TO_DATE ('2010-02-12','yyyy-mm-dd'));

INSERT INTO PELANGGAN (P_NO, P_NAMA, P_JENISKEL, P_TEMPATLAHIR, P_TGLLAHIR, P_ALAMAT, P_NOTELP, P_TGLDAFTAR) VALUES ('A2008','ASDI.F.M','L','SURABAYA', TO_DATE ('1991-02-02', 'yyyy-mm-dd'), 'SURABAYA','085655180155', TO_DATE ('2009-11-07','yyyy-mm-dd'));

INSERT INTO PELANGGAN (P_NO, P_NAMA, P_JENISKEL, P_TEMPATLAHIR, P_TGLLAHIR, P_ALAMAT, P_NOTELP, P_TGLDAFTAR) VALUES ('A2009','ABEL REZA FAUZIAH','P','SURABAYA', TO_DATE ('1988-04-12', 'yyyy-mm-dd'), 'MULYOREJO UTARA','08562479996', TO_DATE ('2009-12-10','yyyy-mm-dd'));

INSERT INTO PELANGGAN (P_NO, P_NAMA, P_JENISKEL, P_TEMPATLAHIR, P_TGLLAHIR, P_ALAMAT, P_NOTELP, P_TGLDAFTAR) VALUES ('A2010','ADELIA JUNIA R','P','PASURUAN', TO_DATE ('1991-06-28', 'yyyy-mm-dd'), 'JL.KALISARI TIMUR 1/46','085648665263', TO_DATE ('2010-03-13','yyyy-mm-dd'));

INSERT INTO PELANGGAN (P_NO, P_NAMA, P_JENISKEL, P_TEMPATLAHIR, P_TGLLAHIR, P_ALAMAT, P_NOTELP, P_TGLDAFTAR) VALUES ('A2011','ARIS HERMAWAN','L','THAILAN', TO_DATE ('1990-03-19', 'yyyy-mm-dd'), 'JL LABANSARI UTARA GG 1/22','081230501113', TO_DATE ('2009-12-11','yyyy-mm-dd'));

INSERT INTO PELANGGAN (P_NO, P_NAMA, P_JENISKEL, P_TEMPATLAHIR, P_TGLLAHIR, P_ALAMAT, P_NOTELP, P_TGLDAFTAR) VALUES ('A2012','ANNELISE MARIA','P','SURABAYA', TO_DATE ('1979-05-06', 'yyyy-mm-dd'), 'SURABAYA','081330591334', TO_DATE ('2009-12-01','yyyy-mm-dd'));

INSERT INTO PELANGGAN (P_NO, P_NAMA, P_JENISKEL, P_TEMPATLAHIR, P_TGLLAHIR, P_ALAMAT, P_NOTELP, P_TGLDAFTAR) VALUES ('B2001','BAHANA RIZKA','P','TULUNG AGUNG', TO_DATE ('1988-12-24', 'yyyy-mm-dd'), 'JL MULYOREJO UTARA 155 A','08563487058', TO_DATE ('2010-02-27','yyyy-mm-dd'));

INSERT INTO PELANGGAN (P_NO, P_NAMA, P_JENISKEL, P_TEMPATLAHIR, P_TGLLAHIR, P_ALAMAT, P_NOTELP, P_TGLDAFTAR) VALUES ('C2001','CITRA','P','SIDOARJO', TO_DATE ('1989-11-10', 'yyyy-mm-dd'), 'MULYOREJO 54 B','085710507829', TO_DATE ('2009-11-14','yyyy-mm-dd'));

INSERT INTO PELANGGAN (P_NO, P_NAMA, P_JENISKEL, P_TEMPATLAHIR, P_TGLLAHIR, P_ALAMAT, P_NOTELP, P_TGLDAFTAR) VALUES ('C2002','CHRISTIANA DEAY N.','P','GRESIK', TO_DATE ('1990-03-25', 'yyyy-mm-dd'), 'SURABAYA','', TO_DATE ('2009-11-04','yyyy-mm-dd'));

INSERT INTO PELANGGAN (P_NO, P_NAMA, P_JENISKEL, P_TEMPATLAHIR, P_TGLLAHIR, P_ALAMAT, P_NOTELP, P_TGLDAFTAR) VALUES ('D2001','DITA RIZKI P','P','B.LAMPUNG', TO_DATE ('1992-02-12', 'yyyy-mm-dd'), 'JL MULYOREJO 153','70735993', TO_DATE ('2010-04-17','yyyy-mm-dd'));

INSERT INTO PELANGGAN (P_NO, P_NAMA, P_JENISKEL, P_TEMPATLAHIR, P_TGLLAHIR, P_ALAMAT, P_NOTELP, P_TGLDAFTAR) VALUES ('D2002','DINA PERTIWI','P','GRESIK', TO_DATE ('1990-11-21', 'yyyy-mm-dd'), 'JLN MULYOREJO UTARA 147','081359029999', TO_DATE ('2009-12-22','yyyy-mm-dd'));

INSERT INTO PELANGGAN (P_NO, P_NAMA, P_JENISKEL, P_TEMPATLAHIR, P_TGLLAHIR, P_ALAMAT, P_NOTELP, P_TGLDAFTAR) VALUES ('D2003','DIAN FITHRIANI','P','JOMBANG', TO_DATE ('1989-12-16', 'yyyy-mm-dd'), 'JL MULYO REJO UTARA 37B','085655338524', TO_DATE ('2010-04-22','yyyy-mm-dd'));

INSERT INTO PELANGGAN (P_NO, P_NAMA, P_JENISKEL, P_TEMPATLAHIR, P_TGLLAHIR, P_ALAMAT, P_NOTELP, P_TGLDAFTAR) VALUES ('D2004','DONA DWI A','P','SURABAYA', TO_DATE ('1987-04-03', 'yyyy-mm-dd'), 'SURABAYA','08575000133', TO_DATE ('2009-12-16','yyyy-mm-dd'));

INSERT INTO PELANGGAN (P_NO, P_NAMA, P_JENISKEL, P_TEMPATLAHIR, P_TGLLAHIR, P_ALAMAT, P_NOTELP, P_TGLDAFTAR) VALUES ('D2005','DEVI HERY PUJI A','P','SURABAYA', TO_DATE ('1989-09-28', 'yyyy-mm-dd'), 'SUTOREJO NO 06','085730503704', TO_DATE ('2010-01-12','yyyy-mm-dd'));

INSERT INTO PELANGGAN (P_NO, P_NAMA, P_JENISKEL, P_TEMPATLAHIR, P_TGLLAHIR, P_ALAMAT, P_NOTELP, P_TGLDAFTAR) VALUES ('D2006','DIPTYA RESPATI A','P','SURABAYA', TO_DATE ('1981-11-11', 'yyyy-mm-dd'), 'MULYOREJO UTARA NO 49','085733303331', TO_DATE ('2010-02-06','yyyy-mm-dd'));

INSERT INTO PELANGGAN (P_NO, P_NAMA, P_JENISKEL, P_TEMPATLAHIR, P_TGLLAHIR, P_ALAMAT, P_NOTELP, P_TGLDAFTAR) VALUES ('D2007','DITA AYU F.','P','MEDAN', TO_DATE ('1982-05-12', 'yyyy-mm-dd'), 'JL SUTOREJO147A','78181418', TO_DATE ('2009-12-05','yyyy-mm-dd'));

INSERT INTO PELANGGAN (P_NO, P_NAMA, P_JENISKEL, P_TEMPATLAHIR, P_TGLLAHIR, P_ALAMAT, P_NOTELP, P_TGLDAFTAR) VALUES ('E2001','ELA','P','SURABAYA', TO_DATE ('1982-04-07', 'yyyy-mm-dd'), 'MULYOREJO UTARA GG 03 NO06','085755609000', TO_DATE ('2009-12-10','yyyy-mm-dd'));

INSERT INTO PELANGGAN (P_NO, P_NAMA, P_JENISKEL, P_TEMPATLAHIR, P_TGLLAHIR, P_ALAMAT, P_NOTELP, P_TGLDAFTAR) VALUES ('E2002','EVI KUSTININGTYAS','P','LAMONGAN', TO_DATE ('1990-08-15', 'yyyy-mm-dd'), 'KALIKEPITING JAYA 1/25','085648508687', TO_DATE ('2009-11-06','yyyy-mm-dd'));

INSERT INTO PELANGGAN (P_NO, P_NAMA, P_JENISKEL, P_TEMPATLAHIR, P_TGLLAHIR, P_ALAMAT, P_NOTELP, P_TGLDAFTAR) VALUES ('E2003','EVA NOVITALIA ARWAN','P','JAKARTA', TO_DATE ('1988-08-15', 'yyyy-mm-dd'), 'MULYOREJO TENGAH NO 64','085645186326', TO_DATE ('2009-11-26','yyyy-mm-dd'));

INSERT INTO PELANGGAN (P_NO, P_NAMA, P_JENISKEL, P_TEMPATLAHIR, P_TGLLAHIR, P_ALAMAT, P_NOTELP, P_TGLDAFTAR) VALUES ('F2001','FITRIA WIJAYANTI','P','BLITAR', TO_DATE ('1979-09-16', 'yyyy-mm-dd'), 'JL TAMBAK SARI 201','085646264119', TO_DATE ('2009-11-13','yyyy-mm-dd'));

INSERT INTO PELANGGAN (P_NO, P_NAMA, P_JENISKEL, P_TEMPATLAHIR, P_TGLLAHIR, P_ALAMAT, P_NOTELP, P_TGLDAFTAR) VALUES ('F2002','FELISMAWANTI IKEDYNI','P','LAMONGAN', TO_DATE ('1991-01-12', 'yyyy-mm-dd'), 'SURABAYA','03170782485', TO_DATE ('2009-12-03','yyyy-mm-dd'));

INSERT INTO PELANGGAN (P_NO, P_NAMA, P_JENISKEL, P_TEMPATLAHIR, P_TGLLAHIR, P_ALAMAT, P_NOTELP, P_TGLDAFTAR) VALUES ('G2001','GABBY KHARISMATIKA','P','SIDOARJO', TO_DATE ('1979-09-19', 'yyyy-mm-dd'), 'SURABAYA MULYOREJO UTARA NO 157','03170063092', TO_DATE ('2010-01-13','yyyy-mm-dd'));

INSERT INTO PELANGGAN (P_NO, P_NAMA, P_JENISKEL, P_TEMPATLAHIR, P_TGLLAHIR, P_ALAMAT, P_NOTELP, P_TGLDAFTAR) VALUES ('G2002','GYTHA DESY','P','PROBOLINGGO', TO_DATE ('1990-06-06', 'yyyy-mm-dd'), 'JL MULYOREJO UTARA 37A','083857001103', TO_DATE ('2009-12-08','yyyy-mm-dd'));

INSERT INTO PELANGGAN (P_NO, P_NAMA, P_JENISKEL, P_TEMPATLAHIR, P_TGLLAHIR, P_ALAMAT, P_NOTELP, P_TGLDAFTAR) VALUES ('H2001','HARTIN ALFINA','P','NGANJUK', TO_DATE ('1987-07-06', 'yyyy-mm-dd'), 'SURABAYA','70882587', TO_DATE ('2009-11-17','yyyy-mm-dd'));

INSERT INTO PELANGGAN (P_NO, P_NAMA, P_JENISKEL, P_TEMPATLAHIR, P_TGLLAHIR, P_ALAMAT, P_NOTELP, P_TGLDAFTAR) VALUES ('H2002','HERA','L','SURABAYA', TO_DATE ('1975-01-01', 'yyyy-mm-dd'), 'WISMA PERMAI III NO.15','', TO_DATE ('2009-11-17','yyyy-mm-dd'));

INSERT INTO PELANGGAN (P_NO, P_NAMA, P_JENISKEL, P_TEMPATLAHIR, P_TGLLAHIR, P_ALAMAT, P_NOTELP, P_TGLDAFTAR) VALUES ('I2001','IKE ERNA S','P','YOGYAKARTA', TO_DATE ('1989-05-28', 'yyyy-mm-dd'), 'JL. MULYOREJO TENGAH NO 39','03170052606', TO_DATE ('2010-01-02','yyyy-mm-dd'));

INSERT INTO PELANGGAN (P_NO, P_NAMA, P_JENISKEL, P_TEMPATLAHIR, P_TGLLAHIR, P_ALAMAT, P_NOTELP, P_TGLDAFTAR) VALUES ('I2002','IDHA SA,ADA','P','SURABAYA', TO_DATE ('1989-09-22', 'yyyy-mm-dd'), 'MULYOREJO TENGAH GANG 3/14','085645100454', TO_DATE ('2010-05-22','yyyy-mm-dd'));

INSERT INTO PELANGGAN (P_NO, P_NAMA, P_JENISKEL, P_TEMPATLAHIR, P_TGLLAHIR, P_ALAMAT, P_NOTELP, P_TGLDAFTAR) VALUES ('I2003','IRA PUSPASARI','P','GRESIK', TO_DATE ('1990-01-01', 'yyyy-mm-dd'), 'SURABAYA','087852257239', TO_DATE ('2010-02-15','yyyy-mm-dd'));

INSERT INTO PELANGGAN (P_NO, P_NAMA, P_JENISKEL, P_TEMPATLAHIR, P_TGLLAHIR, P_ALAMAT, P_NOTELP, P_TGLDAFTAR) VALUES ('I2004','INTAN RIZKY M','P','BOJONEGORO', TO_DATE ('1990-02-09', 'yyyy-mm-dd'), 'MULYOREJO UTARA 175','085732036777', TO_DATE ('2009-12-10','yyyy-mm-dd'));

INSERT INTO PELANGGAN (P_NO, P_NAMA, P_JENISKEL, P_TEMPATLAHIR, P_TGLLAHIR, P_ALAMAT, P_NOTELP, P_TGLDAFTAR) VALUES ('I2005','IKA AYU F','P','PACITAN', TO_DATE ('1959-09-18', 'yyyy-mm-dd'), 'JL.MULYOREJO UTARA 155 A','081803206161', TO_DATE ('2010-03-08','yyyy-mm-dd'));

INSERT INTO PELANGGAN (P_NO, P_NAMA, P_JENISKEL, P_TEMPATLAHIR, P_TGLLAHIR, P_ALAMAT, P_NOTELP, P_TGLDAFTAR) VALUES ('K2001','KARTINI','P','TULUNGAGUNG', TO_DATE ('1986-02-21', 'yyyy-mm-dd'), 'MULYOREJO UTARA NO 89','', TO_DATE ('2009-12-16','yyyy-mm-dd'));

INSERT INTO PELANGGAN (P_NO, P_NAMA, P_JENISKEL, P_TEMPATLAHIR, P_TGLLAHIR, P_ALAMAT, P_NOTELP, P_TGLDAFTAR) VALUES ('K2002','KURNIA FIDIAWATI','P','MATARAM', TO_DATE ('1985-04-10', 'yyyy-mm-dd'), 'JL KALIJUDAN NO.22','085745960253', TO_DATE ('2010-04-24','yyyy-mm-dd'));

INSERT INTO PELANGGAN (P_NO, P_NAMA, P_JENISKEL, P_TEMPATLAHIR, P_TGLLAHIR, P_ALAMAT, P_NOTELP, P_TGLDAFTAR) VALUES ('K2003','KHARIZMA FARIZZA','P','MALANG', TO_DATE ('1991-09-06', 'yyyy-mm-dd'), 'MULYOREJO TENGAH GGSALIM NO 20','085648194805', TO_DATE ('2009-12-17','yyyy-mm-dd'));

INSERT INTO PELANGGAN (P_NO, P_NAMA, P_JENISKEL, P_TEMPATLAHIR, P_TGLLAHIR, P_ALAMAT, P_NOTELP, P_TGLDAFTAR) VALUES ('K2004','KHUSNUL HABIBI','L','SURABAYA', TO_DATE ('1981-10-25', 'yyyy-mm-dd'), 'JL. SUTOREJO NO 147 A','77113244', TO_DATE ('2009-12-23','yyyy-mm-dd'));

INSERT INTO PELANGGAN (P_NO, P_NAMA, P_JENISKEL, P_TEMPATLAHIR, P_TGLLAHIR, P_ALAMAT, P_NOTELP, P_TGLDAFTAR) VALUES ('L2001','LINGLING MARINDA PALUPI','P','SURABAYA', TO_DATE ('1982-07-08', 'yyyy-mm-dd'), 'SUTOREJO BARU','085645088495', TO_DATE ('2009-12-19','yyyy-mm-dd'));

INSERT INTO PELANGGAN (P_NO, P_NAMA, P_JENISKEL, P_TEMPATLAHIR, P_TGLLAHIR, P_ALAMAT, P_NOTELP, P_TGLDAFTAR) VALUES ('L2002','LULUK MURNI WAHYUNI','P','SURABAYA', TO_DATE ('1991-09-12', 'yyyy-mm-dd'), 'JL MULYOREJO UTARA 175 SBY','085729287278', TO_DATE ('2009-11-04','yyyy-mm-dd'));

INSERT INTO PELANGGAN (P_NO, P_NAMA, P_JENISKEL, P_TEMPATLAHIR, P_TGLLAHIR, P_ALAMAT, P_NOTELP, P_TGLDAFTAR) VALUES ('L2003','LELY','P','PASURUAN', TO_DATE ('1989-06-22', 'yyyy-mm-dd'), 'PANTAI MENTARI H-3','085645108282', TO_DATE ('2010-03-26','yyyy-mm-dd'));

INSERT INTO PELANGGAN (P_NO, P_NAMA, P_JENISKEL, P_TEMPATLAHIR, P_TGLLAHIR, P_ALAMAT, P_NOTELP, P_TGLDAFTAR) VALUES ('M2001','MARINDA WIBISONO','P','MALANG', TO_DATE ('1990-01-01', 'yyyy-mm-dd'), 'JL MULYOREJO 112','085232005808', TO_DATE ('2010-05-19','yyyy-mm-dd'));

INSERT INTO PELANGGAN (P_NO, P_NAMA, P_JENISKEL, P_TEMPATLAHIR, P_TGLLAHIR, P_ALAMAT, P_NOTELP, P_TGLDAFTAR) VALUES ('M2002','MEDIANA UTARI','P','SURABAYA', TO_DATE ('1985-12-27', 'yyyy-mm-dd'), 'JL MULYOREJO UTARA NO 37','085646151775', TO_DATE ('2009-12-04','yyyy-mm-dd'));

INSERT INTO PELANGGAN (P_NO, P_NAMA, P_JENISKEL, P_TEMPATLAHIR, P_TGLLAHIR, P_ALAMAT, P_NOTELP, P_TGLDAFTAR) VALUES ('M2003','M.MAKKI','L','SURABAYA', TO_DATE ('1984-03-15', 'yyyy-mm-dd'), 'MULYOREJO TENGAH SALIM NO 15','085649195844', TO_DATE ('2009-12-21','yyyy-mm-dd'));

INSERT INTO PELANGGAN (P_NO, P_NAMA, P_JENISKEL, P_TEMPATLAHIR, P_TGLLAHIR, P_ALAMAT, P_NOTELP, P_TGLDAFTAR) VALUES ('M2004','M.ARIFIN','L','SURABAYA', TO_DATE ('1985-12-02', 'yyyy-mm-dd'), 'JL MULYOREJO UTARA NO 123','03170418544', TO_DATE ('2009-11-25','yyyy-mm-dd'));

INSERT INTO PELANGGAN (P_NO, P_NAMA, P_JENISKEL, P_TEMPATLAHIR, P_TGLLAHIR, P_ALAMAT, P_NOTELP, P_TGLDAFTAR) VALUES ('M2005','MR FAKRI BINLATEH','L','MULYOREJO', TO_DATE ('1988-07-19', 'yyyy-mm-dd'), 'MULYOREJO TENGAH 5/9','03172041535', TO_DATE ('2009-12-16','yyyy-mm-dd'));

INSERT INTO PELANGGAN (P_NO, P_NAMA, P_JENISKEL, P_TEMPATLAHIR, P_TGLLAHIR, P_ALAMAT, P_NOTELP, P_TGLDAFTAR) VALUES ('M2006','MOCH.TAUFIK','L','MALANG', TO_DATE ('1991-04-20', 'yyyy-mm-dd'), 'MULYOREJO TENGAH 64','085850578965', TO_DATE ('2010-04-10','yyyy-mm-dd'));

INSERT INTO PELANGGAN (P_NO, P_NAMA, P_JENISKEL, P_TEMPATLAHIR, P_TGLLAHIR, P_ALAMAT, P_NOTELP, P_TGLDAFTAR) VALUES ('M2007','MUCHAMAD TAUFIQ B','L','BANYUWANGI', TO_DATE ('1981-09-21', 'yyyy-mm-dd'), 'JL MULYOREJO TENGAH NO72','085735554338', TO_DATE ('2010-04-24','yyyy-mm-dd'));

INSERT INTO PELANGGAN (P_NO, P_NAMA, P_JENISKEL, P_TEMPATLAHIR, P_TGLLAHIR, P_ALAMAT, P_NOTELP, P_TGLDAFTAR) VALUES ('M2008','MILA NOVIANA','P','MOJO KERTO', TO_DATE ('1992-02-20', 'yyyy-mm-dd'), 'SURABAYA','085648005758', TO_DATE ('2009-11-24','yyyy-mm-dd'));

INSERT INTO PELANGGAN (P_NO, P_NAMA, P_JENISKEL, P_TEMPATLAHIR, P_TGLLAHIR, P_ALAMAT, P_NOTELP, P_TGLDAFTAR) VALUES ('M2009','MUSLIMIN','L','SURABAYA', TO_DATE ('1979-10-02', 'yyyy-mm-dd'), 'SURABAYA','77682848', TO_DATE ('2010-01-15','yyyy-mm-dd'));

INSERT INTO PELANGGAN (P_NO, P_NAMA, P_JENISKEL, P_TEMPATLAHIR, P_TGLLAHIR, P_ALAMAT, P_NOTELP, P_TGLDAFTAR) VALUES ('M2010','MARDIANA','P','SAMPANG', TO_DATE ('1976-04-03', 'yyyy-mm-dd'), 'SURABAYA','085746698892', TO_DATE ('2009-12-08','yyyy-mm-dd'));

INSERT INTO PELANGGAN (P_NO, P_NAMA, P_JENISKEL, P_TEMPATLAHIR, P_TGLLAHIR, P_ALAMAT, P_NOTELP, P_TGLDAFTAR) VALUES ('N2001','NENCY AYUDYA PUTRI FARADIANI','P','SIDOARJO', TO_DATE ('1992-06-15', 'yyyy-mm-dd'), 'JL MULYOREJO UTARA GG3 NO 12C','085880235157', TO_DATE ('2009-11-03','yyyy-mm-dd'));

INSERT INTO PELANGGAN (P_NO, P_NAMA, P_JENISKEL, P_TEMPATLAHIR, P_TGLLAHIR, P_ALAMAT, P_NOTELP, P_TGLDAFTAR) VALUES ('N2002','NURUL','P','SURABAYA', TO_DATE ('1989-12-13', 'yyyy-mm-dd'), 'MULYOREJO 104','085731009177', TO_DATE ('2009-12-16','yyyy-mm-dd'));

INSERT INTO PELANGGAN (P_NO, P_NAMA, P_JENISKEL, P_TEMPATLAHIR, P_TGLLAHIR, P_ALAMAT, P_NOTELP, P_TGLDAFTAR) VALUES ('P2001','PERMANA S.R','P','KEDIRI', TO_DATE ('1986-07-10', 'yyyy-mm-dd'), 'JL MULYOREJO NO 142','', TO_DATE ('2009-11-24','yyyy-mm-dd'));

INSERT INTO PELANGGAN (P_NO, P_NAMA, P_JENISKEL, P_TEMPATLAHIR, P_TGLLAHIR, P_ALAMAT, P_NOTELP, P_TGLDAFTAR) VALUES ('P2002','PIPIT','P','LUMAJANG', TO_DATE ('1991-04-14', 'yyyy-mm-dd'), 'KALIKEPITING JAYA NO 1/25','085648601096', TO_DATE ('2009-12-14','yyyy-mm-dd'));

INSERT INTO PELANGGAN (P_NO, P_NAMA, P_JENISKEL, P_TEMPATLAHIR, P_TGLLAHIR, P_ALAMAT, P_NOTELP, P_TGLDAFTAR) VALUES ('R2001','RIYAS AYU ISMAYANTI','P','SURABAYA', TO_DATE ('1980-12-20', 'yyyy-mm-dd'), 'MULYOREJO UTARA NO 11','', TO_DATE ('2010-04-13','yyyy-mm-dd'));

INSERT INTO PELANGGAN (P_NO, P_NAMA, P_JENISKEL, P_TEMPATLAHIR, P_TGLLAHIR, P_ALAMAT, P_NOTELP, P_TGLDAFTAR) VALUES ('R2002','RUDI HANDOKO','L','LUMAJANG', TO_DATE ('1990-06-18', 'yyyy-mm-dd'), 'MULYOREJO TENGAH NO36','085259320399', TO_DATE ('2009-11-07','yyyy-mm-dd'));

INSERT INTO PELANGGAN (P_NO, P_NAMA, P_JENISKEL, P_TEMPATLAHIR, P_TGLLAHIR, P_ALAMAT, P_NOTELP, P_TGLDAFTAR) VALUES ('R2003','R OCHIMA DITA R','P','LAMONGAN', TO_DATE ('1990-02-13', 'yyyy-mm-dd'), 'NGINDEN 2','081330999599', TO_DATE ('2009-11-26','yyyy-mm-dd'));

INSERT INTO PELANGGAN (P_NO, P_NAMA, P_JENISKEL, P_TEMPATLAHIR, P_TGLLAHIR, P_ALAMAT, P_NOTELP, P_TGLDAFTAR) VALUES ('R2004','RATNA AYU M','L','PROBOLINGGO', TO_DATE ('1991-07-21', 'yyyy-mm-dd'), 'JL.RAYA MULYOSARI 26','085746508433', TO_DATE ('2010-06-25','yyyy-mm-dd'));

INSERT INTO PELANGGAN (P_NO, P_NAMA, P_JENISKEL, P_TEMPATLAHIR, P_TGLLAHIR, P_ALAMAT, P_NOTELP, P_TGLDAFTAR) VALUES ('R2005','RATNA WATI','P','MALANG', TO_DATE ('1990-02-02', 'yyyy-mm-dd'), 'JL MULYOREJO UTARA NO 123','081332008450', TO_DATE ('2009-11-12','yyyy-mm-dd'));

INSERT INTO PELANGGAN (P_NO, P_NAMA, P_JENISKEL, P_TEMPATLAHIR, P_TGLLAHIR, P_ALAMAT, P_NOTELP, P_TGLDAFTAR) VALUES ('R2006','RINI LU','P','SURABAYA', TO_DATE ('1993-08-06', 'yyyy-mm-dd'), 'JL MULYOREJO 152','77927200', TO_DATE ('2009-11-25','yyyy-mm-dd'));

INSERT INTO PELANGGAN (P_NO, P_NAMA, P_JENISKEL, P_TEMPATLAHIR, P_TGLLAHIR, P_ALAMAT, P_NOTELP, P_TGLDAFTAR) VALUES ('R2007','RIMA','P','SUTABAYA', TO_DATE ('1989-06-23', 'yyyy-mm-dd'), 'JLN MULYOREJO UTARA 155A SBY','083835306300', TO_DATE ('2010-06-10','yyyy-mm-dd'));

INSERT INTO PELANGGAN (P_NO, P_NAMA, P_JENISKEL, P_TEMPATLAHIR, P_TGLLAHIR, P_ALAMAT, P_NOTELP, P_TGLDAFTAR) VALUES ('R2008','RIA WAHYU L .P','P','SURABAYA', TO_DATE ('1993-07-07', 'yyyy-mm-dd'), 'JL.MULYOREJO TENGAH 45','085655162626', TO_DATE ('2009-11-06','yyyy-mm-dd'));

INSERT INTO PELANGGAN (P_NO, P_NAMA, P_JENISKEL, P_TEMPATLAHIR, P_TGLLAHIR, P_ALAMAT, P_NOTELP, P_TGLDAFTAR) VALUES ('R2009','RIZKY JUSTITIAN','L','SURABAYA', TO_DATE ('1991-02-25', 'yyyy-mm-dd'), 'MULYOREJO UTARA 193','08564531317', TO_DATE ('2010-01-16','yyyy-mm-dd'));

INSERT INTO PELANGGAN (P_NO, P_NAMA, P_JENISKEL, P_TEMPATLAHIR, P_TGLLAHIR, P_ALAMAT, P_NOTELP, P_TGLDAFTAR) VALUES ('R2010','ROSYIDAH','P','BOJONEGORO', TO_DATE ('1954-12-12', 'yyyy-mm-dd'), 'JL.RAYA SUTOREJO NO. 121','03177787132', TO_DATE ('2010-02-05','yyyy-mm-dd'));

INSERT INTO PELANGGAN (P_NO, P_NAMA, P_JENISKEL, P_TEMPATLAHIR, P_TGLLAHIR, P_ALAMAT, P_NOTELP, P_TGLDAFTAR) VALUES ('S2001','SUBANDRIYO','L','SURABAYA', TO_DATE ('1991-05-17', 'yyyy-mm-dd'), 'MULYOREJO 168 B','081331219849', TO_DATE ('2010-01-16','yyyy-mm-dd'));

INSERT INTO PELANGGAN (P_NO, P_NAMA, P_JENISKEL, P_TEMPATLAHIR, P_TGLLAHIR, P_ALAMAT, P_NOTELP, P_TGLDAFTAR) VALUES ('S2002','SUHARMI','P','GRESIK', TO_DATE ('1991-04-24', 'yyyy-mm-dd'), 'MULYOREJO UTARA NO 195 A','085646540074', TO_DATE ('2009-12-14','yyyy-mm-dd'));

INSERT INTO PELANGGAN (P_NO, P_NAMA, P_JENISKEL, P_TEMPATLAHIR, P_TGLLAHIR, P_ALAMAT, P_NOTELP, P_TGLDAFTAR) VALUES ('S2003','SALLY ATYASASMI','P','BANDUNG', TO_DATE ('1989-12-18', 'yyyy-mm-dd'), 'ASRAMA KAMPUS C','085645566738', TO_DATE ('2009-12-05','yyyy-mm-dd'));

INSERT INTO PELANGGAN (P_NO, P_NAMA, P_JENISKEL, P_TEMPATLAHIR, P_TGLLAHIR, P_ALAMAT, P_NOTELP, P_TGLDAFTAR) VALUES ('S2004','SATYA DERIAWAN HARTANTYO','L','KEDIRI', TO_DATE ('1989-01-28', 'yyyy-mm-dd'), 'JL MULYOREJO NO 60','085746106784', TO_DATE ('2010-01-05','yyyy-mm-dd'));

INSERT INTO PELANGGAN (P_NO, P_NAMA, P_JENISKEL, P_TEMPATLAHIR, P_TGLLAHIR, P_ALAMAT, P_NOTELP, P_TGLDAFTAR) VALUES ('S2005','SRI RAHAYU','P','KEDIRI', TO_DATE ('1990-10-04', 'yyyy-mm-dd'), 'JL MULYOREJO BARAT NO2','085648648883', TO_DATE ('2009-11-02','yyyy-mm-dd'));

INSERT INTO PELANGGAN (P_NO, P_NAMA, P_JENISKEL, P_TEMPATLAHIR, P_TGLLAHIR, P_ALAMAT, P_NOTELP, P_TGLDAFTAR) VALUES ('T2001','TIKA RAHAYU NINGSIH','P','MADIUN', TO_DATE ('1985-12-22', 'yyyy-mm-dd'), 'SURABAYA','08990535567', TO_DATE ('2010-04-20','yyyy-mm-dd'));

INSERT INTO PELANGGAN (P_NO, P_NAMA, P_JENISKEL, P_TEMPATLAHIR, P_TGLLAHIR, P_ALAMAT, P_NOTELP, P_TGLDAFTAR) VALUES ('U2001','DIAH UTAMI','P','MULYOREJO', TO_DATE ('1988-04-02', 'yyyy-mm-dd'), 'MULYOREJO UTARA NO 49','03160421065', TO_DATE ('2009-11-07','yyyy-mm-dd'));

INSERT INTO PELANGGAN (P_NO, P_NAMA, P_JENISKEL, P_TEMPATLAHIR, P_TGLLAHIR, P_ALAMAT, P_NOTELP, P_TGLDAFTAR) VALUES ('U2002','ULFA','P','SURABAYA', TO_DATE ('1980-06-13', 'yyyy-mm-dd'), 'JL.KALI KEPITING JAYA 1 SBY','08819469240', TO_DATE ('2009-12-22','yyyy-mm-dd'));

INSERT INTO PELANGGAN (P_NO, P_NAMA, P_JENISKEL, P_TEMPATLAHIR, P_TGLLAHIR, P_ALAMAT, P_NOTELP, P_TGLDAFTAR) VALUES ('V2001','VINDYA IAN P','P','MALANG', TO_DATE ('1991-05-27', 'yyyy-mm-dd'), 'JLN MULYOREJO PERTANIAN NO 14','71716990', TO_DATE ('2009-12-17','yyyy-mm-dd'));

INSERT INTO PELANGGAN (P_NO, P_NAMA, P_JENISKEL, P_TEMPATLAHIR, P_TGLLAHIR, P_ALAMAT, P_NOTELP, P_TGLDAFTAR) VALUES ('W2001','WINDIE','P','SURABAYA', TO_DATE ('1988-09-24', 'yyyy-mm-dd'), 'MULYOSARI BARU NO 36','087852716763', TO_DATE ('2010-06-22','yyyy-mm-dd'));

INSERT INTO PELANGGAN (P_NO, P_NAMA, P_JENISKEL, P_TEMPATLAHIR, P_TGLLAHIR, P_ALAMAT, P_NOTELP, P_TGLDAFTAR) VALUES ('W2002','WISNU','L','BANYUWANGI', TO_DATE ('1991-08-01', 'yyyy-mm-dd'), 'MULYOREJO TENGAH GG SALIM NO 20','08563489321', TO_DATE ('2010-01-08','yyyy-mm-dd'));

INSERT INTO PELANGGAN (P_NO, P_NAMA, P_JENISKEL, P_TEMPATLAHIR, P_TGLLAHIR, P_ALAMAT, P_NOTELP, P_TGLDAFTAR) VALUES ('Y2001','YIYIEK KURNIAWATI SP','P','TANAH LAUK', TO_DATE ('1990-01-08', 'yyyy-mm-dd'), 'PERUM VILA KALIJUDAN N-35','085648490359', TO_DATE ('2009-12-14','yyyy-mm-dd'));

INSERT INTO PELANGGAN (P_NO, P_NAMA, P_JENISKEL, P_TEMPATLAHIR, P_TGLLAHIR, P_ALAMAT, P_NOTELP, P_TGLDAFTAR) VALUES ('Y2002','YESITA MINDA','P','SURABAYA', TO_DATE ('1990-01-01', 'yyyy-mm-dd'), 'KALISARI TIMUR NO 74','03177833132', TO_DATE ('2009-12-18','yyyy-mm-dd'));

INSERT INTO PELANGGAN (P_NO, P_NAMA, P_JENISKEL, P_TEMPATLAHIR, P_TGLLAHIR, P_ALAMAT, P_NOTELP, P_TGLDAFTAR) VALUES ('Z2001','ZACKY','L','MADIUN', TO_DATE ('1991-11-08', 'yyyy-mm-dd'), 'KALIJUDAN BARAT 1A NO 33','085649280515', TO_DATE ('2009-11-06','yyyy-mm-dd'));

INSERT INTO JENIS_LAYANAN (JL_ID, JL_NAMA, JL_HARGA) VALUES ('BCP', 'BED COVER / BONEKA + PEWANGI', 9000);

INSERT INTO JENIS_LAYANAN (JL_ID, JL_NAMA, JL_HARGA) VALUES ('CKP', 'CUCI KERING + PEWANGI', 10000);

INSERT INTO JENIS_LAYANAN (JL_ID, JL_NAMA, JL_HARGA) VALUES ('CKPK', 'CUCI KERING + PEWANGI KILAT', 16000);

INSERT INTO JENIS_LAYANAN (JL_ID, JL_NAMA, JL_HARGA) VALUES ('CKS', 'CUCI KERING + PEWANGI + STRIKA', 15000);

INSERT INTO JENIS_LAYANAN (JL_ID, JL_NAMA, JL_HARGA) VALUES ('CKSK', 'CUCI KERING + PEWANGI + STRIKA KILAT', 24000);

INSERT INTO JENIS_LAYANAN (JL_ID, JL_NAMA, JL_HARGA) VALUES ('CSP', 'CUCI SETENGAH KERING + PEWANGI', 8000);

INSERT INTO JENIS_LAYANAN (JL_ID, JL_NAMA, JL_HARGA) VALUES ('S', 'SETRIKA', 8000);

INSERT INTO JENIS_LAYANAN (JL_ID, JL_NAMA, JL_HARGA) VALUES ('DC', 'DRY CLEAN', 40000);

INSERT INTO KARYAWAN (K_NO, K_NAMA, K_BAGIAN, K_TGLMASUK, K_EMAIL, K_PASSWORD) VALUES ('AH', 'AHMAD', 'SUPERVISOR', TO_DATE ('2006-01-22', 'yyyy-mm-dd'), 'ahmad@gmail.com', 'alimuddin');

INSERT INTO KARYAWAN (K_NO, K_NAMA, K_BAGIAN, K_TGLMASUK, K_EMAIL, K_PASSWORD, SPV_K_NO) VALUES ('AG', 'AGUNG', 'OPERATOR', TO_DATE ('2007-03-20', 'yyyy-mm-dd'), 'agung@gmail.com', '4gunG123', 'AH');

INSERT INTO KARYAWAN (K_NO, K_NAMA, K_BAGIAN, K_TGLMASUK, K_EMAIL, K_PASSWORD, SPV_K_NO) VALUES ('AK', 'AGIK', 'SETRIKA', TO_DATE ('2009-03-17', 'yyyy-mm-dd'), 'agik@gmail.com', 'agiksantoso', 'AH');

INSERT INTO KARYAWAN (K_NO, K_NAMA, K_BAGIAN, K_TGLMASUK, K_EMAIL, K_PASSWORD, SPV_K_NO) VALUES ('ER', 'ERNI', 'SETRIKA', TO_DATE ('2009-11-01', 'yyyy-mm-dd'), 'erni@gmail.com', '12345678', 'AH');

INSERT INTO KARYAWAN (K_NO, K_NAMA, K_BAGIAN, K_TGLMASUK, K_EMAIL, K_PASSWORD, SPV_K_NO) VALUES ('SY', 'SUBANDRIYO', 'OPERATOR', TO_DATE ('2008-09-25', 'yyyy-mm-dd'), 'subandriyo@gmail.com', '12345678', 'AG');

INSERT INTO KARYAWAN (K_NO, K_NAMA, K_BAGIAN, K_TGLMASUK, K_EMAIL, K_PASSWORD, SPV_K_NO) VALUES ('VV', 'VIVI', 'SETRIKA', TO_DATE ('2006-09-25', 'yyyy-mm-dd'), 'vivi@gmail.com', 'gulali', 'AH');

INSERT INTO NOTA (N_NO, PELANGGAN_P_NO, N_TGLMASUK, N_TGLJADI, N_TGLSELESAI, N_TGLAMBIL, N_STATUS, N_KODERAK) VALUES (1, 'R2009', TO_DATE ( '2009-11-03 08:09:27', 'yyyy-mm-dd hh24:mi:ss'), TO_DATE ('2009-11-03', 'yyyy-mm-dd') , TO_DATE ('2009-11-02 19:11:03', 'yyyy-mm-dd hh24:mi:ss'), TO_DATE ('2009-11-04 16:18:20', 'yyyy-mm-dd hh24:mi:ss'), 'DIAMBIL', 'A1');

INSERT INTO NOTA (N_NO, PELANGGAN_P_NO, N_TGLMASUK, N_TGLJADI, N_TGLSELESAI, N_TGLAMBIL, N_STATUS, N_KODERAK) VALUES (2, 'H2002', TO_DATE ( '2009-11-03 09:09:27', 'yyyy-mm-dd hh24:mi:ss'), TO_DATE ('2009-11-04', 'yyyy-mm-dd') , TO_DATE ('2009-11-03 16:11:21', 'yyyy-mm-dd hh24:mi:ss'), TO_DATE ('2009-11-04 20:34:15', 'yyyy-mm-dd hh24:mi:ss'), 'DIAMBIL', 'A1');

INSERT INTO NOTA (N_NO, PELANGGAN_P_NO, N_TGLMASUK, N_TGLJADI, N_TGLSELESAI, N_TGLAMBIL, N_STATUS, N_KODERAK) VALUES (3, 'H2002', TO_DATE ( '2009-11-03 09:18:05', 'yyyy-mm-dd hh24:mi:ss'), TO_DATE ('2009-11-04', 'yyyy-mm-dd') , TO_DATE ('2009-11-09 17:50:04', 'yyyy-mm-dd hh24:mi:ss'), TO_DATE ('2009-11-09 17:52:48', 'yyyy-mm-dd hh24:mi:ss'), 'DIAMBIL', 'A1');

INSERT INTO NOTA (N_NO, PELANGGAN_P_NO, N_TGLMASUK, N_TGLJADI, N_TGLSELESAI, N_TGLAMBIL, N_STATUS, N_KODERAK) VALUES (4, 'W2001', TO_DATE ( '2009-11-03 12:14:39', 'yyyy-mm-dd hh24:mi:ss'), TO_DATE ('2009-11-04', 'yyyy-mm-dd') , TO_DATE ('2009-11-03 16:11:42', 'yyyy-mm-dd hh24:mi:ss'), TO_DATE ('2009-11-03 20:27:32', 'yyyy-mm-dd hh24:mi:ss'), 'DIAMBIL', 'A1');

INSERT INTO NOTA (N_NO, PELANGGAN_P_NO, N_TGLMASUK, N_TGLJADI, N_TGLSELESAI, N_TGLAMBIL, N_STATUS, N_KODERAK) VALUES (5, 'W2001', TO_DATE ( '2009-11-03 18:57:54', 'yyyy-mm-dd hh24:mi:ss'), TO_DATE ('2009-11-04', 'yyyy-mm-dd') , TO_DATE ('2009-11-04 11:57:37', 'yyyy-mm-dd hh24:mi:ss'), TO_DATE ('2009-11-04 16:18:11', 'yyyy-mm-dd hh24:mi:ss'), 'DIAMBIL', 'A1');

INSERT INTO NOTA (N_NO, PELANGGAN_P_NO, N_TGLMASUK, N_TGLJADI, N_TGLSELESAI, N_TGLAMBIL, N_STATUS, N_KODERAK) VALUES (6, 'M2006', TO_DATE ( '2009-11-03 19:05:11', 'yyyy-mm-dd hh24:mi:ss'), TO_DATE ('2009-11-04', 'yyyy-mm-dd') , TO_DATE ('2009-11-04 19:42:13', 'yyyy-mm-dd hh24:mi:ss'), TO_DATE ('2009-11-04 20:33:11', 'yyyy-mm-dd hh24:mi:ss'), 'DIAMBIL', 'A1');

INSERT INTO NOTA (N_NO, PELANGGAN_P_NO, N_TGLMASUK, N_TGLJADI, N_TGLSELESAI, N_TGLAMBIL, N_STATUS, N_KODERAK) VALUES (7, 'D2007', TO_DATE ( '2009-11-04 19:33:24', 'yyyy-mm-dd hh24:mi:ss'), TO_DATE ('2009-11-05', 'yyyy-mm-dd') , TO_DATE ('2009-11-09 17:50:25', 'yyyy-mm-dd hh24:mi:ss'), TO_DATE ('2009-11-09 17:52:53', 'yyyy-mm-dd hh24:mi:ss'), 'DIAMBIL', 'A1');

INSERT INTO NOTA (N_NO, PELANGGAN_P_NO, N_TGLMASUK, N_TGLJADI, N_TGLSELESAI, N_TGLAMBIL, N_STATUS, N_KODERAK) VALUES (8, 'H2002', TO_DATE ( '2009-11-04 19:37:43', 'yyyy-mm-dd hh24:mi:ss'), TO_DATE ('2009-11-05', 'yyyy-mm-dd') , TO_DATE ('2009-11-05 14:07:16', 'yyyy-mm-dd hh24:mi:ss'), TO_DATE ('2009-11-07 12:29:37', 'yyyy-mm-dd hh24:mi:ss'), 'DIAMBIL', 'A1');

INSERT INTO NOTA (N_NO, PELANGGAN_P_NO, N_TGLMASUK, N_TGLJADI, N_TGLSELESAI, N_TGLAMBIL, N_STATUS, N_KODERAK) VALUES (9, 'R2004', TO_DATE ( '2009-11-04 20:45:23', 'yyyy-mm-dd hh24:mi:ss'), TO_DATE ('2009-11-05', 'yyyy-mm-dd') , TO_DATE ('2009-11-09 17:50:46', 'yyyy-mm-dd hh24:mi:ss'), TO_DATE ('2009-11-09 17:52:50', 'yyyy-mm-dd hh24:mi:ss'), 'DIAMBIL', 'A1');

INSERT INTO NOTA (N_NO, PELANGGAN_P_NO, N_TGLMASUK, N_TGLJADI, N_TGLSELESAI, N_TGLAMBIL, N_STATUS, N_KODERAK) VALUES (10, 'A2001', TO_DATE ( '2009-11-04 20:46:22', 'yyyy-mm-dd hh24:mi:ss'), TO_DATE ('2009-11-05', 'yyyy-mm-dd') , TO_DATE ('2009-11-05 14:07:30', 'yyyy-mm-dd hh24:mi:ss'), TO_DATE ('2009-11-05 19:20:32', 'yyyy-mm-dd hh24:mi:ss'), 'DIAMBIL', 'A1');

INSERT INTO NOTA (N_NO, PELANGGAN_P_NO, N_TGLMASUK, N_TGLJADI, N_TGLSELESAI, N_TGLAMBIL, N_STATUS, N_KODERAK) VALUES (11, 'D2002', TO_DATE ( '2009-11-05 10:59:28', 'yyyy-mm-dd hh24:mi:ss'), TO_DATE ('2009-11-06', 'yyyy-mm-dd') , TO_DATE ('2009-11-05 16:12:19', 'yyyy-mm-dd hh24:mi:ss'), TO_DATE ('2009-11-07 19:20:43', 'yyyy-mm-dd hh24:mi:ss'), 'DIAMBIL', 'A1');

INSERT INTO NOTA (N_NO, PELANGGAN_P_NO, N_TGLMASUK, N_TGLJADI, N_TGLSELESAI, N_TGLAMBIL, N_STATUS, N_KODERAK) VALUES (12, 'H2002', TO_DATE ( '2009-11-05 14:25:48', 'yyyy-mm-dd hh24:mi:ss'), TO_DATE ('2009-11-06', 'yyyy-mm-dd') , TO_DATE ('2009-11-06 12:05:35', 'yyyy-mm-dd hh24:mi:ss'), TO_DATE ('2009-11-09 13:48:23', 'yyyy-mm-dd hh24:mi:ss'), 'DIAMBIL', 'A1');

INSERT INTO NOTA (N_NO, PELANGGAN_P_NO, N_TGLMASUK, N_TGLJADI, N_TGLSELESAI, N_TGLAMBIL, N_STATUS, N_KODERAK) VALUES (13, 'I2001', TO_DATE ( '2009-11-05 19:19:02', 'yyyy-mm-dd hh24:mi:ss'), TO_DATE ('2009-11-06', 'yyyy-mm-dd') , TO_DATE ('2009-11-06 12:24:56', 'yyyy-mm-dd hh24:mi:ss'), TO_DATE ('2009-11-07 12:30:54', 'yyyy-mm-dd hh24:mi:ss'), 'DIAMBIL', 'A1');

INSERT INTO NOTA (N_NO, PELANGGAN_P_NO, N_TGLMASUK, N_TGLJADI, N_TGLSELESAI, N_TGLAMBIL, N_STATUS, N_KODERAK) VALUES (14, 'H2002', TO_DATE ( '2009-11-06 08:41:49', 'yyyy-mm-dd hh24:mi:ss'), TO_DATE ('2009-11-07', 'yyyy-mm-dd') , TO_DATE ('2009-11-06 14:16:10', 'yyyy-mm-dd hh24:mi:ss'), TO_DATE ('2009-11-09 13:39:07', 'yyyy-mm-dd hh24:mi:ss'), 'DIAMBIL', 'A2');

INSERT INTO NOTA (N_NO, PELANGGAN_P_NO, N_TGLMASUK, N_TGLJADI, N_TGLSELESAI, N_TGLAMBIL, N_STATUS, N_KODERAK) VALUES (15, 'R2009', TO_DATE ( '2009-11-06 10:00:51', 'yyyy-mm-dd hh24:mi:ss'), TO_DATE ('2009-11-07', 'yyyy-mm-dd') , TO_DATE ('2009-11-09 17:51:09', 'yyyy-mm-dd hh24:mi:ss'), TO_DATE ('2009-11-09 17:52:55', 'yyyy-mm-dd hh24:mi:ss'), 'DIAMBIL', 'A1');

INSERT INTO NOTA (N_NO, PELANGGAN_P_NO, N_TGLMASUK, N_TGLJADI, N_TGLSELESAI, N_TGLAMBIL, N_STATUS, N_KODERAK) VALUES (16, 'A2001', TO_DATE ( '2009-11-06 10:01:55', 'yyyy-mm-dd hh24:mi:ss'), TO_DATE ('2009-11-07', 'yyyy-mm-dd') , TO_DATE ('2009-11-06 14:26:56', 'yyyy-mm-dd hh24:mi:ss'), TO_DATE ('2009-11-09 17:13:56', 'yyyy-mm-dd hh24:mi:ss'), 'DIAMBIL', 'A1');

INSERT INTO NOTA (N_NO, PELANGGAN_P_NO, N_TGLMASUK, N_TGLJADI, N_TGLSELESAI, N_TGLAMBIL, N_STATUS, N_KODERAK) VALUES (17, 'I2001', TO_DATE ( '2009-11-06 10:22:37', 'yyyy-mm-dd hh24:mi:ss'), TO_DATE ('2009-11-07', 'yyyy-mm-dd') , TO_DATE ('2009-11-07 11:04:02', 'yyyy-mm-dd hh24:mi:ss'), TO_DATE ('2009-11-07 12:29:03', 'yyyy-mm-dd hh24:mi:ss'), 'DIAMBIL', 'A1');

INSERT INTO NOTA (N_NO, PELANGGAN_P_NO, N_TGLMASUK, N_TGLJADI, N_TGLSELESAI, N_TGLAMBIL, N_STATUS, N_KODERAK) VALUES (18, 'H2002', TO_DATE ( '2009-11-06 10:23:30', 'yyyy-mm-dd hh24:mi:ss'), TO_DATE ('2009-11-07', 'yyyy-mm-dd') , TO_DATE ('2009-11-07 11:04:29', 'yyyy-mm-dd hh24:mi:ss'), TO_DATE ('2009-11-09 12:50:43', 'yyyy-mm-dd hh24:mi:ss'), 'DIAMBIL', 'A1');

INSERT INTO NOTA (N_NO, PELANGGAN_P_NO, N_TGLMASUK, N_TGLJADI, N_TGLSELESAI, N_TGLAMBIL, N_STATUS, N_KODERAK) VALUES (19, 'E2001', TO_DATE ( '2009-11-06 20:01:35', 'yyyy-mm-dd hh24:mi:ss'), TO_DATE ('2009-11-07', 'yyyy-mm-dd') , TO_DATE ('2009-11-07 12:28:09', 'yyyy-mm-dd hh24:mi:ss'), TO_DATE ('2009-11-07 12:28:32', 'yyyy-mm-dd hh24:mi:ss'), 'DIAMBIL', 'A1');

INSERT INTO NOTA (N_NO, PELANGGAN_P_NO, N_TGLMASUK, N_TGLJADI, N_TGLSELESAI, N_TGLAMBIL, N_STATUS, N_KODERAK) VALUES (20, 'H2002', TO_DATE ( '2009-11-06 20:03:09', 'yyyy-mm-dd hh24:mi:ss'), TO_DATE ('2009-11-07', 'yyyy-mm-dd') , TO_DATE ('2009-11-07 13:33:28', 'yyyy-mm-dd hh24:mi:ss'), TO_DATE ('2009-11-07 13:35:26', 'yyyy-mm-dd hh24:mi:ss'), 'DIAMBIL', 'A1');

INSERT INTO NOTA (N_NO, PELANGGAN_P_NO, N_TGLMASUK, N_TGLJADI, N_TGLSELESAI, N_TGLAMBIL, N_STATUS, N_KODERAK) VALUES (21, 'E2001', TO_DATE ( '2009-11-07 14:54:16', 'yyyy-mm-dd hh24:mi:ss'), TO_DATE ('2009-11-09', 'yyyy-mm-dd') , TO_DATE ('2009-11-09 08:56:48', 'yyyy-mm-dd hh24:mi:ss'), TO_DATE ('2009-11-09 16:40:22', 'yyyy-mm-dd hh24:mi:ss'), 'DIAMBIL', 'A1');

INSERT INTO NOTA (N_NO, PELANGGAN_P_NO, N_TGLMASUK, N_TGLJADI, N_TGLSELESAI, N_TGLAMBIL, N_STATUS, N_KODERAK) VALUES (22, 'H2002', TO_DATE ( '2009-11-07 16:29:41', 'yyyy-mm-dd hh24:mi:ss'), TO_DATE ('2009-11-09', 'yyyy-mm-dd') , TO_DATE ('2009-11-09 16:34:37', 'yyyy-mm-dd hh24:mi:ss'), TO_DATE ('2009-11-11 15:41:38', 'yyyy-mm-dd hh24:mi:ss'), 'DIAMBIL', 'A1');

INSERT INTO NOTA (N_NO, PELANGGAN_P_NO, N_TGLMASUK, N_TGLJADI, N_TGLSELESAI, N_TGLAMBIL, N_STATUS, N_KODERAK) VALUES (23, 'Z2001', TO_DATE ( '2009-11-07 19:16:57', 'yyyy-mm-dd hh24:mi:ss'), TO_DATE ('2009-11-09', 'yyyy-mm-dd') , TO_DATE ('2009-11-09 17:51:48', 'yyyy-mm-dd hh24:mi:ss'), TO_DATE ('2009-11-13 19:35:11', 'yyyy-mm-dd hh24:mi:ss'), 'DIAMBIL', 'A1');

INSERT INTO NOTA (N_NO, PELANGGAN_P_NO, N_TGLMASUK, N_TGLJADI, N_TGLSELESAI, N_TGLAMBIL, N_STATUS, N_KODERAK) VALUES (24, 'I2001', TO_DATE ( '2009-11-07 19:59:55', 'yyyy-mm-dd hh24:mi:ss'), TO_DATE ('2009-11-09', 'yyyy-mm-dd') , TO_DATE ('2009-11-09 17:52:08', 'yyyy-mm-dd hh24:mi:ss'), TO_DATE ('2009-11-09 18:41:25', 'yyyy-mm-dd hh24:mi:ss'), 'DIAMBIL', 'A1');

INSERT INTO NOTA (N_NO, PELANGGAN_P_NO, N_TGLMASUK, N_TGLJADI, N_TGLSELESAI, N_TGLAMBIL, N_STATUS, N_KODERAK) VALUES (25, 'G2001', TO_DATE ( '2009-11-07 20:55:06', 'yyyy-mm-dd hh24:mi:ss'), TO_DATE ('2009-11-09', 'yyyy-mm-dd') , TO_DATE ('2009-11-09 17:52:28', 'yyyy-mm-dd hh24:mi:ss'), TO_DATE ('2009-11-09 20:20:31', 'yyyy-mm-dd hh24:mi:ss'), 'DIAMBIL', 'A1');

INSERT INTO NOTA (N_NO, PELANGGAN_P_NO, N_TGLMASUK, N_TGLJADI, N_TGLSELESAI, N_TGLAMBIL, N_STATUS, N_KODERAK) VALUES (26, 'H2002', TO_DATE ( '2009-11-07 21:57:55', 'yyyy-mm-dd hh24:mi:ss'), TO_DATE ('2009-11-09', 'yyyy-mm-dd') , TO_DATE ('2009-11-09 19:22:00', 'yyyy-mm-dd hh24:mi:ss'), TO_DATE ('2009-11-09 20:20:20', 'yyyy-mm-dd hh24:mi:ss'), 'DIAMBIL', 'A1');

INSERT INTO NOTA (N_NO, PELANGGAN_P_NO, N_TGLMASUK, N_TGLJADI, N_TGLSELESAI, N_TGLAMBIL, N_STATUS, N_KODERAK) VALUES (27, 'M2001', TO_DATE ( '2009-11-09 08:42:10', 'yyyy-mm-dd hh24:mi:ss'), TO_DATE ('2009-11-10', 'yyyy-mm-dd') , TO_DATE ('2009-11-10 15:51:39', 'yyyy-mm-dd hh24:mi:ss'), TO_DATE ('2009-11-10 17:38:50', 'yyyy-mm-dd hh24:mi:ss'), 'DIAMBIL', 'A1');

INSERT INTO NOTA (N_NO, PELANGGAN_P_NO, N_TGLMASUK, N_TGLJADI, N_TGLSELESAI, N_TGLAMBIL, N_STATUS, N_KODERAK) VALUES (28, 'S2004', TO_DATE ( '2009-11-09 08:43:17', 'yyyy-mm-dd hh24:mi:ss'), TO_DATE ('2009-11-10', 'yyyy-mm-dd') , TO_DATE ('2009-11-10 17:39:51', 'yyyy-mm-dd hh24:mi:ss'), TO_DATE ('2009-11-10 18:30:32', 'yyyy-mm-dd hh24:mi:ss'), 'DIAMBIL', 'A2');

INSERT INTO NOTA (N_NO, PELANGGAN_P_NO, N_TGLMASUK, N_TGLJADI, N_TGLSELESAI, N_TGLAMBIL, N_STATUS, N_KODERAK) VALUES (29, 'R2006', TO_DATE ( '2009-11-09 08:46:33', 'yyyy-mm-dd hh24:mi:ss'), TO_DATE ('2009-11-10', 'yyyy-mm-dd') , TO_DATE ('2009-11-10 08:46:50', 'yyyy-mm-dd hh24:mi:ss'), TO_DATE ('2009-11-17 13:28:05', 'yyyy-mm-dd hh24:mi:ss'), 'DIAMBIL', 'A1');

INSERT INTO NOTA (N_NO, PELANGGAN_P_NO, N_TGLMASUK, N_TGLJADI, N_TGLSELESAI, N_TGLAMBIL, N_STATUS, N_KODERAK) VALUES (30, 'L2003', TO_DATE ( '2009-11-09 11:03:39', 'yyyy-mm-dd hh24:mi:ss'), TO_DATE ('2009-11-10', 'yyyy-mm-dd') , TO_DATE ('2009-11-09 11:08:54', 'yyyy-mm-dd hh24:mi:ss'), TO_DATE ('2009-11-09 17:14:01', 'yyyy-mm-dd hh24:mi:ss'), 'DIAMBIL', 'C1');

INSERT INTO NOTA (N_NO, PELANGGAN_P_NO, N_TGLMASUK, N_TGLJADI, N_TGLSELESAI, N_TGLAMBIL, N_STATUS, N_KODERAK) VALUES (31, 'H2002', TO_DATE ( '2009-11-09 14:20:22', 'yyyy-mm-dd hh24:mi:ss'), TO_DATE ('2009-11-10', 'yyyy-mm-dd') , TO_DATE ('2009-11-10 13:43:25', 'yyyy-mm-dd hh24:mi:ss'), TO_DATE ('2009-11-10 17:46:44', 'yyyy-mm-dd hh24:mi:ss'), 'DIAMBIL', 'A1');

INSERT INTO NOTA (N_NO, PELANGGAN_P_NO, N_TGLMASUK, N_TGLJADI, N_TGLSELESAI, N_TGLAMBIL, N_STATUS, N_KODERAK) VALUES (32, 'M2005', TO_DATE ( '2009-11-09 16:07:02', 'yyyy-mm-dd hh24:mi:ss'), TO_DATE ('2009-11-10', 'yyyy-mm-dd') , TO_DATE ('2009-11-10 17:38:21', 'yyyy-mm-dd hh24:mi:ss'), TO_DATE ('2009-11-10 21:00:23', 'yyyy-mm-dd hh24:mi:ss'), 'DIAMBIL', 'A1');

INSERT INTO NOTA (N_NO, PELANGGAN_P_NO, N_TGLMASUK, N_TGLJADI, N_TGLSELESAI, N_TGLAMBIL, N_STATUS, N_KODERAK) VALUES (33, 'A2006', TO_DATE ( '2009-11-09 17:55:55', 'yyyy-mm-dd hh24:mi:ss'), TO_DATE ('2009-11-10', 'yyyy-mm-dd') , TO_DATE ('2009-11-10 16:38:38', 'yyyy-mm-dd hh24:mi:ss'), TO_DATE ('2009-11-10 19:06:51', 'yyyy-mm-dd hh24:mi:ss'), 'DIAMBIL', 'A1');

INSERT INTO NOTA (N_NO, PELANGGAN_P_NO, N_TGLMASUK, N_TGLJADI, N_TGLSELESAI, N_TGLAMBIL, N_STATUS, N_KODERAK) VALUES (34, 'E2001', TO_DATE ( '2009-11-09 18:17:01', 'yyyy-mm-dd hh24:mi:ss'), TO_DATE ('2009-11-10', 'yyyy-mm-dd') , TO_DATE ('2009-11-09 18:18:58', 'yyyy-mm-dd hh24:mi:ss'), TO_DATE ('2009-11-09 18:41:28', 'yyyy-mm-dd hh24:mi:ss'), 'DIAMBIL', 'A1');

INSERT INTO NOTA (N_NO, PELANGGAN_P_NO, N_TGLMASUK, N_TGLJADI, N_TGLSELESAI, N_TGLAMBIL, N_STATUS, N_KODERAK) VALUES (35, 'A2004', TO_DATE ( '2009-11-09 18:35:03', 'yyyy-mm-dd hh24:mi:ss'), TO_DATE ('2009-11-10', 'yyyy-mm-dd') , TO_DATE ('2009-11-10 17:37:59', 'yyyy-mm-dd hh24:mi:ss'), TO_DATE ('2009-11-10 18:16:38', 'yyyy-mm-dd hh24:mi:ss'), 'DIAMBIL', 'A1');

INSERT INTO NOTA (N_NO, PELANGGAN_P_NO, N_TGLMASUK, N_TGLJADI, N_TGLSELESAI, N_TGLAMBIL, N_STATUS, N_KODERAK) VALUES (36, 'A2007', TO_DATE ( '2009-11-09 19:44:46', 'yyyy-mm-dd hh24:mi:ss'), TO_DATE ('2009-11-10', 'yyyy-mm-dd') , TO_DATE ('2009-11-10 17:37:00', 'yyyy-mm-dd hh24:mi:ss'), TO_DATE ('2009-11-10 21:18:08', 'yyyy-mm-dd hh24:mi:ss'), 'DIAMBIL', 'A2');

INSERT INTO NOTA (N_NO, PELANGGAN_P_NO, N_TGLMASUK, N_TGLJADI, N_TGLSELESAI, N_TGLAMBIL, N_STATUS, N_KODERAK) VALUES (37, 'H2002', TO_DATE ( '2009-11-10 12:36:42', 'yyyy-mm-dd hh24:mi:ss'), TO_DATE ('2009-11-11', 'yyyy-mm-dd') , TO_DATE ('2009-11-11 10:30:10', 'yyyy-mm-dd hh24:mi:ss'), TO_DATE ('2009-11-17 20:06:40', 'yyyy-mm-dd hh24:mi:ss'), 'DIAMBIL', 'A1');

INSERT INTO NOTA (N_NO, PELANGGAN_P_NO, N_TGLMASUK, N_TGLJADI, N_TGLSELESAI, N_TGLAMBIL, N_STATUS, N_KODERAK) VALUES (38, 'M2006', TO_DATE ( '2009-11-10 18:26:35', 'yyyy-mm-dd hh24:mi:ss'), TO_DATE ('2009-11-11', 'yyyy-mm-dd') , TO_DATE ('2009-11-11 13:00:50', 'yyyy-mm-dd hh24:mi:ss'), TO_DATE ('2009-11-11 19:59:50', 'yyyy-mm-dd hh24:mi:ss'), 'DIAMBIL', 'A1');

INSERT INTO NOTA (N_NO, PELANGGAN_P_NO, N_TGLMASUK, N_TGLJADI, N_TGLSELESAI, N_TGLAMBIL, N_STATUS, N_KODERAK) VALUES (39, 'R2006', TO_DATE ( '2009-11-11 19:17:09', 'yyyy-mm-dd hh24:mi:ss'), TO_DATE ('2009-11-12', 'yyyy-mm-dd') , TO_DATE ('2009-11-12 12:12:27', 'yyyy-mm-dd hh24:mi:ss'), TO_DATE ('2009-11-12 13:51:38', 'yyyy-mm-dd hh24:mi:ss'), 'DIAMBIL', 'A1');

INSERT INTO NOTA (N_NO, PELANGGAN_P_NO, N_TGLMASUK, N_TGLJADI, N_TGLSELESAI, N_TGLAMBIL, N_STATUS, N_KODERAK) VALUES (40, 'H2002', TO_DATE ( '2009-11-11 19:59:15', 'yyyy-mm-dd hh24:mi:ss'), TO_DATE ('2009-11-12', 'yyyy-mm-dd') , TO_DATE ('2009-11-11 20:00:48', 'yyyy-mm-dd hh24:mi:ss'), TO_DATE ('2009-11-11 20:01:47', 'yyyy-mm-dd hh24:mi:ss'), 'DIAMBIL', 'A1');

INSERT INTO NOTA (N_NO, PELANGGAN_P_NO, N_TGLMASUK, N_TGLJADI, N_TGLSELESAI, N_TGLAMBIL, N_STATUS, N_KODERAK) VALUES (41, 'H2001', TO_DATE ( '2009-11-12 15:18:45', 'yyyy-mm-dd hh24:mi:ss'), TO_DATE ('2009-11-13', 'yyyy-mm-dd') , TO_DATE ('2009-11-13 10:03:08', 'yyyy-mm-dd hh24:mi:ss'), TO_DATE ('2009-11-13 10:45:15', 'yyyy-mm-dd hh24:mi:ss'), 'DIAMBIL', 'A1');

INSERT INTO NOTA (N_NO, PELANGGAN_P_NO, N_TGLMASUK, N_TGLJADI, N_TGLSELESAI, N_TGLAMBIL, N_STATUS, N_KODERAK) VALUES (42, 'H2002', TO_DATE ( '2009-11-12 19:35:12', 'yyyy-mm-dd hh24:mi:ss'), TO_DATE ('2009-11-13', 'yyyy-mm-dd') , TO_DATE ('2009-11-13 15:09:55', 'yyyy-mm-dd hh24:mi:ss'), TO_DATE ('2009-11-13 19:48:09', 'yyyy-mm-dd hh24:mi:ss'), 'DIAMBIL', 'A1');

INSERT INTO NOTA (N_NO, PELANGGAN_P_NO, N_TGLMASUK, N_TGLJADI, N_TGLSELESAI, N_TGLAMBIL, N_STATUS, N_KODERAK) VALUES (43, 'R2005', TO_DATE ( '2009-11-12 20:11:19', 'yyyy-mm-dd hh24:mi:ss'), TO_DATE ('2009-11-13', 'yyyy-mm-dd') , TO_DATE ('2009-11-13 14:35:00', 'yyyy-mm-dd hh24:mi:ss'), TO_DATE ('2009-11-13 20:33:57', 'yyyy-mm-dd hh24:mi:ss'), 'DIAMBIL', 'A1');

INSERT INTO NOTA (N_NO, PELANGGAN_P_NO, N_TGLMASUK, N_TGLJADI, N_TGLSELESAI, N_TGLAMBIL, N_STATUS, N_KODERAK) VALUES (44, 'L2001', TO_DATE ( '2009-11-12 20:47:54', 'yyyy-mm-dd hh24:mi:ss'), TO_DATE ('2009-11-13', 'yyyy-mm-dd') , TO_DATE ('2009-11-13 19:37:48', 'yyyy-mm-dd hh24:mi:ss'), TO_DATE ('2009-11-20 09:07:39', 'yyyy-mm-dd hh24:mi:ss'), 'DIAMBIL', 'A1');

INSERT INTO NOTA (N_NO, PELANGGAN_P_NO, N_TGLMASUK, N_TGLJADI, N_TGLSELESAI, N_TGLAMBIL, N_STATUS, N_KODERAK) VALUES (45, 'K2003', TO_DATE ( '2009-11-13 10:28:57', 'yyyy-mm-dd hh24:mi:ss'), TO_DATE ('2009-11-14', 'yyyy-mm-dd') , TO_DATE ('2009-11-14 14:06:55', 'yyyy-mm-dd hh24:mi:ss'), TO_DATE ('2009-11-14 19:13:05', 'yyyy-mm-dd hh24:mi:ss'), 'DIAMBIL', 'A2');

INSERT INTO NOTA (N_NO, PELANGGAN_P_NO, N_TGLMASUK, N_TGLJADI, N_TGLSELESAI, N_TGLAMBIL, N_STATUS, N_KODERAK) VALUES (46, 'H2002', TO_DATE ( '2009-11-13 11:20:40', 'yyyy-mm-dd hh24:mi:ss'), TO_DATE ('2009-11-14', 'yyyy-mm-dd') , TO_DATE ('2009-11-13 20:56:34', 'yyyy-mm-dd hh24:mi:ss'), TO_DATE ('2009-11-14 19:33:47', 'yyyy-mm-dd hh24:mi:ss'), 'DIAMBIL', 'B1');

INSERT INTO NOTA (N_NO, PELANGGAN_P_NO, N_TGLMASUK, N_TGLJADI, N_TGLSELESAI, N_TGLAMBIL, N_STATUS, N_KODERAK) VALUES (47, 'H2002', TO_DATE ( '2009-11-13 12:11:48', 'yyyy-mm-dd hh24:mi:ss'), TO_DATE ('2009-11-14', 'yyyy-mm-dd') , TO_DATE ('2009-11-14 13:52:24', 'yyyy-mm-dd hh24:mi:ss'), TO_DATE ('2009-11-14 13:53:58', 'yyyy-mm-dd hh24:mi:ss'), 'DIAMBIL', 'A1');

INSERT INTO NOTA (N_NO, PELANGGAN_P_NO, N_TGLMASUK, N_TGLJADI, N_TGLSELESAI, N_TGLAMBIL, N_STATUS, N_KODERAK) VALUES (48, 'K2001', TO_DATE ( '2009-11-13 12:13:04', 'yyyy-mm-dd hh24:mi:ss'), TO_DATE ('2009-11-14', 'yyyy-mm-dd') , TO_DATE ('2009-11-13 19:30:30', 'yyyy-mm-dd hh24:mi:ss'), TO_DATE ('2009-11-14 19:46:27', 'yyyy-mm-dd hh24:mi:ss'), 'DIAMBIL', 'A1');

INSERT INTO NOTA (N_NO, PELANGGAN_P_NO, N_TGLMASUK, N_TGLJADI, N_TGLSELESAI, N_TGLAMBIL, N_STATUS, N_KODERAK) VALUES (49, 'H2002', TO_DATE ( '2009-11-13 19:17:10', 'yyyy-mm-dd hh24:mi:ss'), TO_DATE ('2009-11-14', 'yyyy-mm-dd') , TO_DATE ('2009-11-14 13:51:02', 'yyyy-mm-dd hh24:mi:ss'), TO_DATE ('2009-11-14 19:10:38', 'yyyy-mm-dd hh24:mi:ss'), 'DIAMBIL', 'A1');

INSERT INTO NOTA (N_NO, PELANGGAN_P_NO, N_TGLMASUK, N_TGLJADI, N_TGLSELESAI, N_TGLAMBIL, N_STATUS, N_KODERAK) VALUES (50, 'H2002', TO_DATE ( '2009-11-14 09:20:48', 'yyyy-mm-dd hh24:mi:ss'), TO_DATE ('2009-11-16', 'yyyy-mm-dd') , TO_DATE ('2009-11-14 09:32:38', 'yyyy-mm-dd hh24:mi:ss'), TO_DATE ('2009-11-14 09:33:01', 'yyyy-mm-dd hh24:mi:ss'), 'DIAMBIL', 'A1');

INSERT INTO NOTA (N_NO, PELANGGAN_P_NO, N_TGLMASUK, N_TGLJADI, N_TGLSELESAI, N_TGLAMBIL, N_STATUS, N_KODERAK) VALUES (51, 'A2006', TO_DATE ( '2009-11-14 09:21:33', 'yyyy-mm-dd hh24:mi:ss'), TO_DATE ('2009-11-16', 'yyyy-mm-dd') , TO_DATE ('2009-11-14 14:46:38', 'yyyy-mm-dd hh24:mi:ss'), TO_DATE ('2009-11-17 12:56:30', 'yyyy-mm-dd hh24:mi:ss'), 'DIAMBIL', 'A2');

INSERT INTO NOTA (N_NO, PELANGGAN_P_NO, N_TGLMASUK, N_TGLJADI, N_TGLSELESAI, N_TGLAMBIL, N_STATUS, N_KODERAK) VALUES (52, 'H2002', TO_DATE ( '2009-11-14 11:00:46', 'yyyy-mm-dd hh24:mi:ss'), TO_DATE ('2009-11-16', 'yyyy-mm-dd') , TO_DATE ('2009-11-14 21:08:06', 'yyyy-mm-dd hh24:mi:ss'), TO_DATE ('2009-11-16 20:36:14', 'yyyy-mm-dd hh24:mi:ss'), 'DIAMBIL', 'A2');

INSERT INTO NOTA (N_NO, PELANGGAN_P_NO, N_TGLMASUK, N_TGLJADI, N_TGLSELESAI, N_TGLAMBIL, N_STATUS, N_KODERAK) VALUES (53, 'R2006', TO_DATE ( '2009-11-14 12:53:16', 'yyyy-mm-dd hh24:mi:ss'), TO_DATE ('2009-11-16', 'yyyy-mm-dd') , TO_DATE ('2009-11-16 12:23:04', 'yyyy-mm-dd hh24:mi:ss'), TO_DATE ('2009-11-16 17:42:13', 'yyyy-mm-dd hh24:mi:ss'), 'DIAMBIL', 'A1');

INSERT INTO NOTA (N_NO, PELANGGAN_P_NO, N_TGLMASUK, N_TGLJADI, N_TGLSELESAI, N_TGLAMBIL, N_STATUS, N_KODERAK) VALUES (54, 'R2006', TO_DATE ( '2009-11-14 13:10:42', 'yyyy-mm-dd hh24:mi:ss'), TO_DATE ('2009-11-16', 'yyyy-mm-dd') , TO_DATE ('2009-11-16 12:33:28', 'yyyy-mm-dd hh24:mi:ss'), TO_DATE ('2009-11-16 19:51:03', 'yyyy-mm-dd hh24:mi:ss'), 'DIAMBIL', 'A1');

INSERT INTO NOTA (N_NO, PELANGGAN_P_NO, N_TGLMASUK, N_TGLJADI, N_TGLSELESAI, N_TGLAMBIL, N_STATUS, N_KODERAK) VALUES (55, 'H2002', TO_DATE ( '2009-11-14 19:05:42', 'yyyy-mm-dd hh24:mi:ss'), TO_DATE ('2009-11-16', 'yyyy-mm-dd') , TO_DATE ('2009-11-14 19:07:29', 'yyyy-mm-dd hh24:mi:ss'), TO_DATE ('2009-11-16 16:40:16', 'yyyy-mm-dd hh24:mi:ss'), 'DIAMBIL', 'A1');

INSERT INTO NOTA (N_NO, PELANGGAN_P_NO, N_TGLMASUK, N_TGLJADI, N_STATUS) VALUES (1237, 'H2002', TO_DATE ( '2010-07-07 14:35:36', 'yyyy-mm-dd hh24:mi:ss'), TO_DATE ('2010-07-08', 'yyyy-mm-dd') , 'ANTRI');

INSERT INTO NOTA (N_NO, PELANGGAN_P_NO, N_TGLMASUK, N_TGLJADI, N_STATUS) VALUES (1238, 'F2002', TO_DATE ( '2010-07-07 14:36:09', 'yyyy-mm-dd hh24:mi:ss'), TO_DATE ('2010-07-08', 'yyyy-mm-dd') , 'ANTRI');

INSERT INTO NOTA (N_NO, PELANGGAN_P_NO, N_TGLMASUK, N_TGLJADI, N_STATUS) VALUES (1239, 'H2001', TO_DATE ( '2010-07-07 14:36:32', 'yyyy-mm-dd hh24:mi:ss'), TO_DATE ('2010-07-08', 'yyyy-mm-dd') , 'ANTRI');

INSERT INTO NOTA (N_NO, PELANGGAN_P_NO, N_TGLMASUK, N_TGLJADI, N_STATUS) VALUES (1240, 'H2002', TO_DATE ( '2010-07-07 14:37:07', 'yyyy-mm-dd hh24:mi:ss'), TO_DATE ('2010-07-08', 'yyyy-mm-dd') , 'ANTRI');

INSERT INTO NOTA (N_NO, PELANGGAN_P_NO, N_TGLMASUK, N_TGLJADI, N_STATUS) VALUES (1241, 'H2002', TO_DATE ( '2010-07-07 14:37:37', 'yyyy-mm-dd hh24:mi:ss'), TO_DATE ('2010-07-08', 'yyyy-mm-dd') , 'ANTRI');

INSERT INTO NOTA (N_NO, PELANGGAN_P_NO, N_TGLMASUK, N_TGLJADI, N_STATUS) VALUES (1242, 'D2001', TO_DATE ( '2010-07-07 14:38:04', 'yyyy-mm-dd hh24:mi:ss'), TO_DATE ('2010-07-08', 'yyyy-mm-dd') , 'ANTRI');

INSERT INTO NOTA (N_NO, PELANGGAN_P_NO, N_TGLMASUK, N_TGLJADI, N_STATUS) VALUES (1251, 'A2006', TO_DATE ( '2010-08-17 22:24:36', 'yyyy-mm-dd hh24:mi:ss'), TO_DATE ('2010-08-18', 'yyyy-mm-dd') , 'ANTRI');

INSERT INTO NOTA (N_NO, PELANGGAN_P_NO, N_TGLMASUK, N_TGLJADI, N_STATUS) VALUES (1252, 'S2005', TO_DATE ( '2011-01-17 09:23:59', 'yyyy-mm-dd hh24:mi:ss'), TO_DATE ('2011-01-18', 'yyyy-mm-dd') , 'ANTRI');

INSERT INTO NOTA_DETAIL (ND_NO, NOTA_N_NO, JENIS_LAYANAN_JL_ID, ND_BANYAK) VALUES (1,1, 'CKPK', 1);

INSERT INTO NOTA_DETAIL (ND_NO, NOTA_N_NO, JENIS_LAYANAN_JL_ID, ND_BANYAK) VALUES (1331,1, 'CKP', 2);

INSERT INTO NOTA_DETAIL (ND_NO, NOTA_N_NO, JENIS_LAYANAN_JL_ID, ND_BANYAK) VALUES (1332,1, 'CKS', 1);

INSERT INTO NOTA_DETAIL (ND_NO, NOTA_N_NO, JENIS_LAYANAN_JL_ID, ND_BANYAK) VALUES (2,2, 'S', 1);

INSERT INTO NOTA_DETAIL (ND_NO, NOTA_N_NO, JENIS_LAYANAN_JL_ID, ND_BANYAK) VALUES (3,2, 'CKS', 1);

INSERT INTO NOTA_DETAIL (ND_NO, NOTA_N_NO, JENIS_LAYANAN_JL_ID, ND_BANYAK) VALUES (4,3, 'CSP', 1);

INSERT INTO NOTA_DETAIL (ND_NO, NOTA_N_NO, JENIS_LAYANAN_JL_ID, ND_BANYAK) VALUES (5,4, 'CKS', 1);

INSERT INTO NOTA_DETAIL (ND_NO, NOTA_N_NO, JENIS_LAYANAN_JL_ID, ND_BANYAK) VALUES (6,5, 'CKS', 1);

INSERT INTO NOTA_DETAIL (ND_NO, NOTA_N_NO, JENIS_LAYANAN_JL_ID, ND_BANYAK) VALUES (7,6, 'CKS', 2);

INSERT INTO NOTA_DETAIL (ND_NO, NOTA_N_NO, JENIS_LAYANAN_JL_ID, ND_BANYAK) VALUES (8,7, 'CSP', 1);

INSERT INTO NOTA_DETAIL (ND_NO, NOTA_N_NO, JENIS_LAYANAN_JL_ID, ND_BANYAK) VALUES (9,8, 'CKS', 2);

INSERT INTO NOTA_DETAIL (ND_NO, NOTA_N_NO, JENIS_LAYANAN_JL_ID, ND_BANYAK) VALUES (10,9, 'CSP', 1);

INSERT INTO NOTA_DETAIL (ND_NO, NOTA_N_NO, JENIS_LAYANAN_JL_ID, ND_BANYAK) VALUES (11,10, 'CKP', 1);

INSERT INTO NOTA_DETAIL (ND_NO, NOTA_N_NO, JENIS_LAYANAN_JL_ID, ND_BANYAK) VALUES (12,11, 'CKS', 1);

INSERT INTO NOTA_DETAIL (ND_NO, NOTA_N_NO, JENIS_LAYANAN_JL_ID, ND_BANYAK) VALUES (13,12, 'CKS', 1);

INSERT INTO NOTA_DETAIL (ND_NO, NOTA_N_NO, JENIS_LAYANAN_JL_ID, ND_BANYAK) VALUES (14,13, 'CKP', 1);

INSERT INTO NOTA_DETAIL (ND_NO, NOTA_N_NO, JENIS_LAYANAN_JL_ID, ND_BANYAK) VALUES (15,14, 'CKS', 1);

INSERT INTO NOTA_DETAIL (ND_NO, NOTA_N_NO, JENIS_LAYANAN_JL_ID, ND_BANYAK) VALUES (16,15, 'CSP', 1);

INSERT INTO NOTA_DETAIL (ND_NO, NOTA_N_NO, JENIS_LAYANAN_JL_ID, ND_BANYAK) VALUES (17,16, 'BCP', 2);

INSERT INTO NOTA_DETAIL (ND_NO, NOTA_N_NO, JENIS_LAYANAN_JL_ID, ND_BANYAK) VALUES (18,16, 'CKP', 1);

INSERT INTO NOTA_DETAIL (ND_NO, NOTA_N_NO, JENIS_LAYANAN_JL_ID, ND_BANYAK) VALUES (19,17, 'CSP', 1);

INSERT INTO NOTA_DETAIL (ND_NO, NOTA_N_NO, JENIS_LAYANAN_JL_ID, ND_BANYAK) VALUES (20,18, 'CKS', 1);

INSERT INTO NOTA_DETAIL (ND_NO, NOTA_N_NO, JENIS_LAYANAN_JL_ID, ND_BANYAK) VALUES (1311,19, 'CKS', 2);

INSERT INTO NOTA_DETAIL (ND_NO, NOTA_N_NO, JENIS_LAYANAN_JL_ID, ND_BANYAK) VALUES (21,20, 'CSP', 1);

INSERT INTO NOTA_DETAIL (ND_NO, NOTA_N_NO, JENIS_LAYANAN_JL_ID, ND_BANYAK) VALUES (22,21, 'CKS', 1);

INSERT INTO NOTA_DETAIL (ND_NO, NOTA_N_NO, JENIS_LAYANAN_JL_ID, ND_BANYAK) VALUES (23,22, 'CKS', 1);

INSERT INTO NOTA_DETAIL (ND_NO, NOTA_N_NO, JENIS_LAYANAN_JL_ID, ND_BANYAK) VALUES (24,23, 'CKS', 1);

INSERT INTO NOTA_DETAIL (ND_NO, NOTA_N_NO, JENIS_LAYANAN_JL_ID, ND_BANYAK) VALUES (25,24, 'CSP', 1);

INSERT INTO NOTA_DETAIL (ND_NO, NOTA_N_NO, JENIS_LAYANAN_JL_ID, ND_BANYAK) VALUES (27,25, 'CSP', 1);

INSERT INTO NOTA_DETAIL (ND_NO, NOTA_N_NO, JENIS_LAYANAN_JL_ID, ND_BANYAK) VALUES (26,26, 'CSP', 1);

INSERT INTO NOTA_DETAIL (ND_NO, NOTA_N_NO, JENIS_LAYANAN_JL_ID, ND_BANYAK) VALUES (28,27, 'BCP', 2);

INSERT INTO NOTA_DETAIL (ND_NO, NOTA_N_NO, JENIS_LAYANAN_JL_ID, ND_BANYAK) VALUES (29,28, 'CKS', 2);

INSERT INTO NOTA_DETAIL (ND_NO, NOTA_N_NO, JENIS_LAYANAN_JL_ID, ND_BANYAK) VALUES (30,29, 'CKP', 1);

INSERT INTO NOTA_DETAIL (ND_NO, NOTA_N_NO, JENIS_LAYANAN_JL_ID, ND_BANYAK) VALUES (31,30, 'CKS', 6);

INSERT INTO NOTA_DETAIL (ND_NO, NOTA_N_NO, JENIS_LAYANAN_JL_ID, ND_BANYAK) VALUES (32,30, 'BCP', 2);

INSERT INTO NOTA_DETAIL (ND_NO, NOTA_N_NO, JENIS_LAYANAN_JL_ID, ND_BANYAK) VALUES (33,31, 'BCP', 1);

INSERT INTO NOTA_DETAIL (ND_NO, NOTA_N_NO, JENIS_LAYANAN_JL_ID, ND_BANYAK) VALUES (34,32, 'CKS', 1);

INSERT INTO NOTA_DETAIL (ND_NO, NOTA_N_NO, JENIS_LAYANAN_JL_ID, ND_BANYAK) VALUES (35,33, 'CKP', 2);

INSERT INTO NOTA_DETAIL (ND_NO, NOTA_N_NO, JENIS_LAYANAN_JL_ID, ND_BANYAK) VALUES (36,34, 'CKS', 1);

INSERT INTO NOTA_DETAIL (ND_NO, NOTA_N_NO, JENIS_LAYANAN_JL_ID, ND_BANYAK) VALUES (37,35, 'CKS', 2);

INSERT INTO NOTA_DETAIL (ND_NO, NOTA_N_NO, JENIS_LAYANAN_JL_ID, ND_BANYAK) VALUES (38,36, 'CKP', 1);

INSERT INTO NOTA_DETAIL (ND_NO, NOTA_N_NO, JENIS_LAYANAN_JL_ID, ND_BANYAK) VALUES (39,37, 'CKS', 1);

INSERT INTO NOTA_DETAIL (ND_NO, NOTA_N_NO, JENIS_LAYANAN_JL_ID, ND_BANYAK) VALUES (40,38, 'S', 3);

INSERT INTO NOTA_DETAIL (ND_NO, NOTA_N_NO, JENIS_LAYANAN_JL_ID, ND_BANYAK) VALUES (41,39, 'CKS', 2);

INSERT INTO NOTA_DETAIL (ND_NO, NOTA_N_NO, JENIS_LAYANAN_JL_ID, ND_BANYAK) VALUES (1312,40, 'CKP', 1);

INSERT INTO NOTA_DETAIL (ND_NO, NOTA_N_NO, JENIS_LAYANAN_JL_ID, ND_BANYAK) VALUES (42,41, 'CKS', 1);

INSERT INTO NOTA_DETAIL (ND_NO, NOTA_N_NO, JENIS_LAYANAN_JL_ID, ND_BANYAK) VALUES (43,42, 'BCP', 1);

INSERT INTO NOTA_DETAIL (ND_NO, NOTA_N_NO, JENIS_LAYANAN_JL_ID, ND_BANYAK) VALUES (44,43, 'CKS', 1);

INSERT INTO NOTA_DETAIL (ND_NO, NOTA_N_NO, JENIS_LAYANAN_JL_ID, ND_BANYAK) VALUES (45,44, 'S', 2);

INSERT INTO NOTA_DETAIL (ND_NO, NOTA_N_NO, JENIS_LAYANAN_JL_ID, ND_BANYAK) VALUES (46,45, 'CKP', 2);

INSERT INTO NOTA_DETAIL (ND_NO, NOTA_N_NO, JENIS_LAYANAN_JL_ID, ND_BANYAK) VALUES (47,46, 'CSP', 1);

INSERT INTO NOTA_DETAIL (ND_NO, NOTA_N_NO, JENIS_LAYANAN_JL_ID, ND_BANYAK) VALUES (48,47, 'CKP', 1);

INSERT INTO NOTA_DETAIL (ND_NO, NOTA_N_NO, JENIS_LAYANAN_JL_ID, ND_BANYAK) VALUES (49,48, 'CKS', 2);

INSERT INTO NOTA_DETAIL (ND_NO, NOTA_N_NO, JENIS_LAYANAN_JL_ID, ND_BANYAK) VALUES (50,49, 'CSP', 1);

INSERT INTO NOTA_DETAIL (ND_NO, NOTA_N_NO, JENIS_LAYANAN_JL_ID, ND_BANYAK) VALUES (51,50, 'CKS', 1);

INSERT INTO NOTA_DETAIL (ND_NO, NOTA_N_NO, JENIS_LAYANAN_JL_ID, ND_BANYAK) VALUES (52,51, 'CKS', 1);

INSERT INTO NOTA_DETAIL (ND_NO, NOTA_N_NO, JENIS_LAYANAN_JL_ID, ND_BANYAK) VALUES (53,52, 'CSP', 1);

INSERT INTO NOTA_DETAIL (ND_NO, NOTA_N_NO, JENIS_LAYANAN_JL_ID, ND_BANYAK) VALUES (54,53, 'CKS', 1);

INSERT INTO NOTA_DETAIL (ND_NO, NOTA_N_NO, JENIS_LAYANAN_JL_ID, ND_BANYAK) VALUES (55,54, 'CKS', 1);

INSERT INTO NOTA_DETAIL (ND_NO, NOTA_N_NO, JENIS_LAYANAN_JL_ID, ND_BANYAK) VALUES (56,55, 'CKS', 1);

INSERT INTO NOTA_DETAIL (ND_NO, NOTA_N_NO, JENIS_LAYANAN_JL_ID, ND_BANYAK) VALUES (1283,1237, 'CKS', 2);

INSERT INTO NOTA_DETAIL (ND_NO, NOTA_N_NO, JENIS_LAYANAN_JL_ID, ND_BANYAK) VALUES (1284,1238, 'CKS', 1);

INSERT INTO NOTA_DETAIL (ND_NO, NOTA_N_NO, JENIS_LAYANAN_JL_ID, ND_BANYAK) VALUES (1285,1239, 'S', 1);

INSERT INTO NOTA_DETAIL (ND_NO, NOTA_N_NO, JENIS_LAYANAN_JL_ID, ND_BANYAK) VALUES (1286,1240, 'CKS', 2);

INSERT INTO NOTA_DETAIL (ND_NO, NOTA_N_NO, JENIS_LAYANAN_JL_ID, ND_BANYAK) VALUES (1292,1241, 'CKS', 2);

INSERT INTO NOTA_DETAIL (ND_NO, NOTA_N_NO, JENIS_LAYANAN_JL_ID, ND_BANYAK) VALUES (1293,1241, 'BCP', 1);

INSERT INTO NOTA_DETAIL (ND_NO, NOTA_N_NO, JENIS_LAYANAN_JL_ID, ND_BANYAK) VALUES (1287,1242, 'CKS', 1);

INSERT INTO NOTA_DETAIL (ND_NO, NOTA_N_NO, JENIS_LAYANAN_JL_ID, ND_BANYAK) VALUES (1335,1251, 'CKPK', 1);

INSERT INTO NOTA_DETAIL (ND_NO, NOTA_N_NO, JENIS_LAYANAN_JL_ID, ND_BANYAK) VALUES (1336,1252, 'CKS', 1);

INSERT INTO NOTA_DETAIL (ND_NO, NOTA_N_NO, JENIS_LAYANAN_JL_ID, ND_BANYAK) VALUES (1337,1252, 'CKS', 2);

INSERT INTO NOTA_DETAIL (ND_NO, NOTA_N_NO, JENIS_LAYANAN_JL_ID, ND_BANYAK) VALUES (1338,1252, 'S', 4);

INSERT INTO KARYAWAN_DETAIL (KD_NO, NOTA_N_NO, KARYAWAN_K_NO) VALUES (442,1, 'SY');

INSERT INTO KARYAWAN_DETAIL (KD_NO, NOTA_N_NO, KARYAWAN_K_NO) VALUES (2099,1, 'AG');

INSERT INTO KARYAWAN_DETAIL (KD_NO, NOTA_N_NO, KARYAWAN_K_NO) VALUES (967,2, 'ER');

INSERT INTO KARYAWAN_DETAIL (KD_NO, NOTA_N_NO, KARYAWAN_K_NO) VALUES (1642,2, 'AK');

INSERT INTO KARYAWAN_DETAIL (KD_NO, NOTA_N_NO, KARYAWAN_K_NO) VALUES (1854,3, 'AG');

INSERT INTO KARYAWAN_DETAIL (KD_NO, NOTA_N_NO, KARYAWAN_K_NO) VALUES (1643,4, 'AK');

INSERT INTO KARYAWAN_DETAIL (KD_NO, NOTA_N_NO, KARYAWAN_K_NO) VALUES (1855,4, 'AG');

INSERT INTO KARYAWAN_DETAIL (KD_NO, NOTA_N_NO, KARYAWAN_K_NO) VALUES (1856,5, 'AG');

INSERT INTO KARYAWAN_DETAIL (KD_NO, NOTA_N_NO, KARYAWAN_K_NO) VALUES (1644,6, 'AK');

INSERT INTO KARYAWAN_DETAIL (KD_NO, NOTA_N_NO, KARYAWAN_K_NO) VALUES (1857,6, 'AG');

INSERT INTO KARYAWAN_DETAIL (KD_NO, NOTA_N_NO, KARYAWAN_K_NO) VALUES (1416,7, 'AK');

INSERT INTO KARYAWAN_DETAIL (KD_NO, NOTA_N_NO, KARYAWAN_K_NO) VALUES (2100,7, 'AG');

INSERT INTO KARYAWAN_DETAIL (KD_NO, NOTA_N_NO, KARYAWAN_K_NO) VALUES (1,8, 'VV');

INSERT INTO KARYAWAN_DETAIL (KD_NO, NOTA_N_NO, KARYAWAN_K_NO) VALUES (723,8, 'SY');

INSERT INTO KARYAWAN_DETAIL (KD_NO, NOTA_N_NO, KARYAWAN_K_NO) VALUES (2,9, 'VV');

INSERT INTO KARYAWAN_DETAIL (KD_NO, NOTA_N_NO, KARYAWAN_K_NO) VALUES (724,9, 'SY');

INSERT INTO KARYAWAN_DETAIL (KD_NO, NOTA_N_NO, KARYAWAN_K_NO) VALUES (3,10, 'VV');

INSERT INTO KARYAWAN_DETAIL (KD_NO, NOTA_N_NO, KARYAWAN_K_NO) VALUES (2101,10, 'AG');

INSERT INTO KARYAWAN_DETAIL (KD_NO, NOTA_N_NO, KARYAWAN_K_NO) VALUES (4,11, 'VV');

INSERT INTO KARYAWAN_DETAIL (KD_NO, NOTA_N_NO, KARYAWAN_K_NO) VALUES (1417,12, 'AK');

INSERT INTO KARYAWAN_DETAIL (KD_NO, NOTA_N_NO, KARYAWAN_K_NO) VALUES (2102,12, 'AG');

INSERT INTO KARYAWAN_DETAIL (KD_NO, NOTA_N_NO, KARYAWAN_K_NO) VALUES (5,13, 'VV');

INSERT INTO KARYAWAN_DETAIL (KD_NO, NOTA_N_NO, KARYAWAN_K_NO) VALUES (1209,13, 'ER');

INSERT INTO KARYAWAN_DETAIL (KD_NO, NOTA_N_NO, KARYAWAN_K_NO) VALUES (259,14, 'VV');

INSERT INTO KARYAWAN_DETAIL (KD_NO, NOTA_N_NO, KARYAWAN_K_NO) VALUES (1858,14, 'AG');

INSERT INTO KARYAWAN_DETAIL (KD_NO, NOTA_N_NO, KARYAWAN_K_NO) VALUES (1859,15, 'AG');

INSERT INTO KARYAWAN_DETAIL (KD_NO, NOTA_N_NO, KARYAWAN_K_NO) VALUES (1418,16, 'AK');

INSERT INTO KARYAWAN_DETAIL (KD_NO, NOTA_N_NO, KARYAWAN_K_NO) VALUES (2103,16, 'AG');

INSERT INTO KARYAWAN_DETAIL (KD_NO, NOTA_N_NO, KARYAWAN_K_NO) VALUES (1419,17, 'AK');

INSERT INTO KARYAWAN_DETAIL (KD_NO, NOTA_N_NO, KARYAWAN_K_NO) VALUES (443,18, 'SY');

INSERT INTO KARYAWAN_DETAIL (KD_NO, NOTA_N_NO, KARYAWAN_K_NO) VALUES (2104,18, 'AG');

INSERT INTO KARYAWAN_DETAIL (KD_NO, NOTA_N_NO, KARYAWAN_K_NO) VALUES (968,19, 'ER');

INSERT INTO KARYAWAN_DETAIL (KD_NO, NOTA_N_NO, KARYAWAN_K_NO) VALUES (1645,19, 'AK');

INSERT INTO KARYAWAN_DETAIL (KD_NO, NOTA_N_NO, KARYAWAN_K_NO) VALUES (6,20, 'VV');

INSERT INTO KARYAWAN_DETAIL (KD_NO, NOTA_N_NO, KARYAWAN_K_NO) VALUES (2105,20, 'AG');

INSERT INTO KARYAWAN_DETAIL (KD_NO, NOTA_N_NO, KARYAWAN_K_NO) VALUES (7,21, 'VV');

INSERT INTO KARYAWAN_DETAIL (KD_NO, NOTA_N_NO, KARYAWAN_K_NO) VALUES (260,21, 'VV');

INSERT INTO KARYAWAN_DETAIL (KD_NO, NOTA_N_NO, KARYAWAN_K_NO) VALUES (444,22, 'SY');

INSERT INTO KARYAWAN_DETAIL (KD_NO, NOTA_N_NO, KARYAWAN_K_NO) VALUES (1210,22, 'ER');

INSERT INTO KARYAWAN_DETAIL (KD_NO, NOTA_N_NO, KARYAWAN_K_NO) VALUES (8,23, 'VV');

INSERT INTO KARYAWAN_DETAIL (KD_NO, NOTA_N_NO, KARYAWAN_K_NO) VALUES (2106,23, 'AG');

INSERT INTO KARYAWAN_DETAIL (KD_NO, NOTA_N_NO, KARYAWAN_K_NO) VALUES (725,24, 'SY');

INSERT INTO KARYAWAN_DETAIL (KD_NO, NOTA_N_NO, KARYAWAN_K_NO) VALUES (1420,24, 'AK');

INSERT INTO KARYAWAN_DETAIL (KD_NO, NOTA_N_NO, KARYAWAN_K_NO) VALUES (445,25, 'SY');

INSERT INTO KARYAWAN_DETAIL (KD_NO, NOTA_N_NO, KARYAWAN_K_NO) VALUES (9,26, 'VV');

INSERT INTO KARYAWAN_DETAIL (KD_NO, NOTA_N_NO, KARYAWAN_K_NO) VALUES (1646,26, 'AK');

INSERT INTO KARYAWAN_DETAIL (KD_NO, NOTA_N_NO, KARYAWAN_K_NO) VALUES (446,27, 'SY');

INSERT INTO KARYAWAN_DETAIL (KD_NO, NOTA_N_NO, KARYAWAN_K_NO) VALUES (1211,27, 'ER');

INSERT INTO KARYAWAN_DETAIL (KD_NO, NOTA_N_NO, KARYAWAN_K_NO) VALUES (969,28, 'ER');

INSERT INTO KARYAWAN_DETAIL (KD_NO, NOTA_N_NO, KARYAWAN_K_NO) VALUES (1212,28, 'ER');

INSERT INTO KARYAWAN_DETAIL (KD_NO, NOTA_N_NO, KARYAWAN_K_NO) VALUES (970,29, 'ER');

INSERT INTO KARYAWAN_DETAIL (KD_NO, NOTA_N_NO, KARYAWAN_K_NO) VALUES (1213,29, 'ER');

INSERT INTO KARYAWAN_DETAIL (KD_NO, NOTA_N_NO, KARYAWAN_K_NO) VALUES (1421,30, 'AK');

INSERT INTO KARYAWAN_DETAIL (KD_NO, NOTA_N_NO, KARYAWAN_K_NO) VALUES (1647,30, 'AK');

INSERT INTO KARYAWAN_DETAIL (KD_NO, NOTA_N_NO, KARYAWAN_K_NO) VALUES (261,31, 'VV');

INSERT INTO KARYAWAN_DETAIL (KD_NO, NOTA_N_NO, KARYAWAN_K_NO) VALUES (971,31, 'ER');

INSERT INTO KARYAWAN_DETAIL (KD_NO, NOTA_N_NO, KARYAWAN_K_NO) VALUES (447,32, 'SY');

INSERT INTO KARYAWAN_DETAIL (KD_NO, NOTA_N_NO, KARYAWAN_K_NO) VALUES (1214,32, 'ER');

INSERT INTO KARYAWAN_DETAIL (KD_NO, NOTA_N_NO, KARYAWAN_K_NO) VALUES (726,33, 'SY');

INSERT INTO KARYAWAN_DETAIL (KD_NO, NOTA_N_NO, KARYAWAN_K_NO) VALUES (1422,33, 'AK');

INSERT INTO KARYAWAN_DETAIL (KD_NO, NOTA_N_NO, KARYAWAN_K_NO) VALUES (1215,34, 'ER');

INSERT INTO KARYAWAN_DETAIL (KD_NO, NOTA_N_NO, KARYAWAN_K_NO) VALUES (1423,34, 'AK');

INSERT INTO KARYAWAN_DETAIL (KD_NO, NOTA_N_NO, KARYAWAN_K_NO) VALUES (972,35, 'ER');

INSERT INTO KARYAWAN_DETAIL (KD_NO, NOTA_N_NO, KARYAWAN_K_NO) VALUES (1648,35, 'AK');

INSERT INTO KARYAWAN_DETAIL (KD_NO, NOTA_N_NO, KARYAWAN_K_NO) VALUES (1424,36, 'AK');

INSERT INTO KARYAWAN_DETAIL (KD_NO, NOTA_N_NO, KARYAWAN_K_NO) VALUES (1649,36, 'AK');

INSERT INTO KARYAWAN_DETAIL (KD_NO, NOTA_N_NO, KARYAWAN_K_NO) VALUES (448,37, 'SY');

INSERT INTO KARYAWAN_DETAIL (KD_NO, NOTA_N_NO, KARYAWAN_K_NO) VALUES (2107,37, 'AG');

INSERT INTO KARYAWAN_DETAIL (KD_NO, NOTA_N_NO, KARYAWAN_K_NO) VALUES (262,38, 'VV');

INSERT INTO KARYAWAN_DETAIL (KD_NO, NOTA_N_NO, KARYAWAN_K_NO) VALUES (449,38, 'SY');

INSERT INTO KARYAWAN_DETAIL (KD_NO, NOTA_N_NO, KARYAWAN_K_NO) VALUES (1425,39, 'AK');

INSERT INTO KARYAWAN_DETAIL (KD_NO, NOTA_N_NO, KARYAWAN_K_NO) VALUES (1650,39, 'AK');

INSERT INTO KARYAWAN_DETAIL (KD_NO, NOTA_N_NO, KARYAWAN_K_NO) VALUES (973,40, 'ER');

INSERT INTO KARYAWAN_DETAIL (KD_NO, NOTA_N_NO, KARYAWAN_K_NO) VALUES (1216,40, 'ER');

INSERT INTO KARYAWAN_DETAIL (KD_NO, NOTA_N_NO, KARYAWAN_K_NO) VALUES (974,41, 'ER');

INSERT INTO KARYAWAN_DETAIL (KD_NO, NOTA_N_NO, KARYAWAN_K_NO) VALUES (2108,41, 'AG');

INSERT INTO KARYAWAN_DETAIL (KD_NO, NOTA_N_NO, KARYAWAN_K_NO) VALUES (263,42, 'VV');

INSERT INTO KARYAWAN_DETAIL (KD_NO, NOTA_N_NO, KARYAWAN_K_NO) VALUES (1426,42, 'AK');

INSERT INTO KARYAWAN_DETAIL (KD_NO, NOTA_N_NO, KARYAWAN_K_NO) VALUES (450,43, 'SY');

INSERT INTO KARYAWAN_DETAIL (KD_NO, NOTA_N_NO, KARYAWAN_K_NO) VALUES (1651,43, 'AK');

INSERT INTO KARYAWAN_DETAIL (KD_NO, NOTA_N_NO, KARYAWAN_K_NO) VALUES (975,44, 'ER');

INSERT INTO KARYAWAN_DETAIL (KD_NO, NOTA_N_NO, KARYAWAN_K_NO) VALUES (1652,44, 'AK');

INSERT INTO KARYAWAN_DETAIL (KD_NO, NOTA_N_NO, KARYAWAN_K_NO) VALUES (976,45, 'ER');

INSERT INTO KARYAWAN_DETAIL (KD_NO, NOTA_N_NO, KARYAWAN_K_NO) VALUES (2109,45, 'AG');

INSERT INTO KARYAWAN_DETAIL (KD_NO, NOTA_N_NO, KARYAWAN_K_NO) VALUES (451,46, 'SY');

INSERT INTO KARYAWAN_DETAIL (KD_NO, NOTA_N_NO, KARYAWAN_K_NO) VALUES (264,47, 'VV');

INSERT INTO KARYAWAN_DETAIL (KD_NO, NOTA_N_NO, KARYAWAN_K_NO) VALUES (977,47, 'ER');

INSERT INTO KARYAWAN_DETAIL (KD_NO, NOTA_N_NO, KARYAWAN_K_NO) VALUES (1217,48, 'ER');

INSERT INTO KARYAWAN_DETAIL (KD_NO, NOTA_N_NO, KARYAWAN_K_NO) VALUES (1860,48, 'AG');

INSERT INTO KARYAWAN_DETAIL (KD_NO, NOTA_N_NO, KARYAWAN_K_NO) VALUES (10,49, 'VV');

INSERT INTO KARYAWAN_DETAIL (KD_NO, NOTA_N_NO, KARYAWAN_K_NO) VALUES (1653,49, 'AK');

INSERT INTO KARYAWAN_DETAIL (KD_NO, NOTA_N_NO, KARYAWAN_K_NO) VALUES (452,50, 'SY');

INSERT INTO KARYAWAN_DETAIL (KD_NO, NOTA_N_NO, KARYAWAN_K_NO) VALUES (2110,50, 'AG');

INSERT INTO KARYAWAN_DETAIL (KD_NO, NOTA_N_NO, KARYAWAN_K_NO) VALUES (11,51, 'VV');

INSERT INTO KARYAWAN_DETAIL (KD_NO, NOTA_N_NO, KARYAWAN_K_NO) VALUES (727,52, 'SY');

INSERT INTO KARYAWAN_DETAIL (KD_NO, NOTA_N_NO, KARYAWAN_K_NO) VALUES (1861,52, 'AG');

INSERT INTO KARYAWAN_DETAIL (KD_NO, NOTA_N_NO, KARYAWAN_K_NO) VALUES (978,53, 'ER');

INSERT INTO KARYAWAN_DETAIL (KD_NO, NOTA_N_NO, KARYAWAN_K_NO) VALUES (453,54, 'SY');

INSERT INTO KARYAWAN_DETAIL (KD_NO, NOTA_N_NO, KARYAWAN_K_NO) VALUES (1218,54, 'ER');

INSERT INTO KARYAWAN_DETAIL (KD_NO, NOTA_N_NO, KARYAWAN_K_NO) VALUES (1219,55, 'ER');

INSERT INTO KARYAWAN_DETAIL (KD_NO, NOTA_N_NO, KARYAWAN_K_NO) VALUES (1862,55, 'AG');

INSERT INTO KARYAWAN_DETAIL (KD_NO, NOTA_N_NO, KARYAWAN_K_NO) VALUES (2098,1237, 'AG');

INSERT INTO KARYAWAN_DETAIL (KD_NO, NOTA_N_NO, KARYAWAN_K_NO) VALUES (2299,1237, 'AG');

INSERT INTO KARYAWAN_DETAIL (KD_NO, NOTA_N_NO, KARYAWAN_K_NO) VALUES (718,1238, 'SY');

INSERT INTO KARYAWAN_DETAIL (KD_NO, NOTA_N_NO, KARYAWAN_K_NO) VALUES (2300,1238, 'AG');

INSERT INTO KARYAWAN_DETAIL (KD_NO, NOTA_N_NO, KARYAWAN_K_NO) VALUES (440,1239, 'VV');

INSERT INTO KARYAWAN_DETAIL (KD_NO, NOTA_N_NO, KARYAWAN_K_NO) VALUES (719,1239, 'SY');

INSERT INTO KARYAWAN_DETAIL (KD_NO, NOTA_N_NO, KARYAWAN_K_NO) VALUES (965,1240, 'SY');

INSERT INTO KARYAWAN_DETAIL (KD_NO, NOTA_N_NO, KARYAWAN_K_NO) VALUES (1637,1240, 'AK');

INSERT INTO KARYAWAN_DETAIL (KD_NO, NOTA_N_NO, KARYAWAN_K_NO) VALUES (966,1241, 'SY');

INSERT INTO KARYAWAN_DETAIL (KD_NO, NOTA_N_NO, KARYAWAN_K_NO) VALUES (1205,1241, 'ER');

INSERT INTO KARYAWAN_DETAIL (KD_NO, NOTA_N_NO, KARYAWAN_K_NO) VALUES (1412,1242, 'ER');

INSERT INTO KARYAWAN_DETAIL (KD_NO, NOTA_N_NO, KARYAWAN_K_NO) VALUES (1638,1242, 'AK');

INSERT INTO KARYAWAN_DETAIL (KD_NO, NOTA_N_NO, KARYAWAN_K_NO) VALUES (1415,1251, 'ER');

INSERT INTO KARYAWAN_DETAIL (KD_NO, NOTA_N_NO, KARYAWAN_K_NO) VALUES (1641,1251, 'AK');

INSERT INTO KARYAWAN_DETAIL (KD_NO, NOTA_N_NO, KARYAWAN_K_NO) VALUES (722,1252, 'SY');

INSERT INTO KARYAWAN_DETAIL (KD_NO, NOTA_N_NO, KARYAWAN_K_NO) VALUES (1853,1252, 'AK');

DELETE FROM PELANGGAN  
WHERE P_NO NOT IN ( 
SELECT DISTINCT PELANGGAN_P_NO 
FROM NOTA 
);

SELECT p_nama, p_alamat
FROM pelanggan
WHERE p_alamat LIKE '%MULYOSARI%'

SELECT k_nama, k_bagian
FROM karyawan
WHERE spv_k_no IS NULL

SELECT k_no, k_nama
FROM karyawan
WHERE k_no NOT IN (
  SELECT karyawan_k_no
  FROM karyawan_detail
  WHERE nota_n_no = 1
);

SELECT p_no, p_nama
FROM pelanggan
WHERE (
	SELECT COUNT (pelanggan_p_no) AS jumlahnota
	FROM nota
	GROUP BY pelanggan_p_no
	ORDER BY jumlahnota DESC
	LIMIT 5
);

SELECT pelanggan.p_no, pelanggan.p_nama, t.jumlahnota
FROM pelanggan
INNER JOIN (
    SELECT pelanggan_p_no, COUNT(pelanggan_p_no) AS jumlahnota
    FROM nota
    GROUP BY pelanggan_p_no
) AS t ON pelanggan.p_no = t.pelanggan_p_no
ORDER BY jumlahnota DESC
LIMIT 5;

SELECT ROUND(COUNT (n_status)/SUM (COUNT(n_status)) OVER()*100) AS PROSENTASE_SUDAH_DIAMBIL
FROM nota
GROUP BY n_status
ORDER BY prosentase_sudah_diambil DESC
LIMIT 1;

SELECT n_no AS n_nota, n_tglmasuk AS tgl_masuk, (
SELECT SUM(nd_banyak * jl_harga)
FROM nota_detail nd, jenis_layanan jl
WHERE nd.nota_n_no = n.n_no
AND jl.jl_id = nd.jenis_layanan_jl_id)
AS total_cost FROM nota n 
ORDER BY n_no
LIMIT 5;

SELECT
	EXTRACT(MONTH FROM N_TGLMASUK) AS bulan,
    EXTRACT(YEAR FROM N_TGLMASUK) AS tahun,
    SUM(ND_BANYAK * JL_HARGA) AS harga
FROM NOTA 
JOIN NOTA_DETAIL ON NOTA.N_NO = NOTA_DETAIL.NOTA_N_NO
JOIN JENIS_LAYANAN ON JENIS_LAYANAN.JL_ID = NOTA_DETAIL.JENIS_LAYANAN_JL_ID
WHERE EXTRACT(YEAR FROM N_TGLMASUK) IS NOT NULL
GROUP BY bulan, tahun
ORDER BY bulan ASC

SELECT 
	P_NO AS no_pelanggan,
    P_NAMA AS nama,
    SUM(ND_BANYAK * JL_HARGA) AS Total_Payment
FROM PELANGGAN 
JOIN NOTA N ON P_NO = N.PELANGGAN_P_NO
JOIN NOTA_DETAIL ND ON N_NO = ND.NOTA_N_NO
JOIN JENIS_LAYANAN JL ON ND.JENIS_LAYANAN_JL_ID = JL_ID
WHERE EXTRACT(MONTH FROM N_TGLMASUK) = 7 AND EXTRACT(YEAR FROM N.N_TGLMASUK) = 2010
GROUP BY P_NAMA, P_NO
ORDER BY Total_Payment DESC
LIMIT 1;

SELECT p_no, p_nama
FROM pelanggan
WHERE p_no NOT IN (
    SELECT p_no
    FROM pelanggan
    INNER JOIN nota ON pelanggan.p_no = nota.pelanggan_p_no
    INNER JOIN nota_detail ON nota.n_no = nota_detail.nota_n_no
    INNER JOIN jenis_layanan ON nota_detail.jenis_layanan_jl_id = jenis_layanan.jl_id
    WHERE jl_nama = 'setrika'
)
ORDER BY p_no;
